/*
SQLyog Ultimate v10.51 
MySQL - 5.1.43-community : Database - myhr
*********************************************************************
*/

/*!40101 SET NAMES utf8 */;

/*!40101 SET SQL_MODE=''*/;

/*!40014 SET @OLD_UNIQUE_CHECKS=@@UNIQUE_CHECKS, UNIQUE_CHECKS=0 */;
/*!40014 SET @OLD_FOREIGN_KEY_CHECKS=@@FOREIGN_KEY_CHECKS, FOREIGN_KEY_CHECKS=0 */;
/*!40101 SET @OLD_SQL_MODE=@@SQL_MODE, SQL_MODE='NO_AUTO_VALUE_ON_ZERO' */;
/*!40111 SET @OLD_SQL_NOTES=@@SQL_NOTES, SQL_NOTES=0 */;
CREATE DATABASE /*!32312 IF NOT EXISTS*/`myhr` /*!40100 DEFAULT CHARACTER SET utf8 */;

USE `myhr`;

/*Table structure for table `dept` */

DROP TABLE IF EXISTS `dept`;

CREATE TABLE `dept` (
  `dept_id` int(11) NOT NULL AUTO_INCREMENT,
  `dept_name` varchar(50) DEFAULT NULL,
  `dept_loc` varchar(100) DEFAULT NULL,
  PRIMARY KEY (`dept_id`)
) ENGINE=InnoDB AUTO_INCREMENT=9 DEFAULT CHARSET=utf8;

/*Data for the table `dept` */

insert  into `dept`(`dept_id`,`dept_name`,`dept_loc`) values (1,'财务部','北京'),(2,'公关部','大连'),(3,'人事部','香港'),(4,'金融部','南京'),(5,'咨询部','广州'),(6,'安全部','苏州'),(7,'技术部','上海'),(8,'信息管理部','天津');

/*Table structure for table `emp` */

DROP TABLE IF EXISTS `emp`;

CREATE TABLE `emp` (
  `emp_id` int(11) NOT NULL AUTO_INCREMENT,
  `emp_name` varchar(50) DEFAULT NULL,
  `emp_login_name` varchar(50) DEFAULT NULL,
  `emp_pwd` varchar(50) DEFAULT NULL,
  `emp_email` varchar(100) DEFAULT NULL,
  `emp_phone` varchar(50) DEFAULT NULL,
  `emp_hiredate` date DEFAULT NULL,
  `emp_salary` double DEFAULT NULL,
  `emp_dept_id` int(11) DEFAULT NULL,
  `emp_job_id` int(11) DEFAULT NULL,
  `emp_pic` longtext,
  `emp_info` varchar(1000) DEFAULT NULL,
  PRIMARY KEY (`emp_id`),
  KEY `emp_dept_id_fk` (`emp_dept_id`),
  KEY `emp_job_id_fk` (`emp_job_id`),
  CONSTRAINT `emp_dept_id_fk` FOREIGN KEY (`emp_dept_id`) REFERENCES `dept` (`dept_id`) ON DELETE SET NULL,
  CONSTRAINT `emp_job_id_fk` FOREIGN KEY (`emp_job_id`) REFERENCES `job` (`job_id`) ON DELETE SET NULL
) ENGINE=InnoDB AUTO_INCREMENT=20 DEFAULT CHARSET=utf8;

/*Data for the table `emp` */

insert  into `emp`(`emp_id`,`emp_name`,`emp_login_name`,`emp_pwd`,`emp_email`,`emp_phone`,`emp_hiredate`,`emp_salary`,`emp_dept_id`,`emp_job_id`,`emp_pic`,`emp_info`) values (1,'tom','tom','666999','tom@163.com','13012345678','2018-11-08',7500,7,1,'data:image/jpeg;base64,/9j/4AAQSkZJRgABAQAAAQABAAD/2wBDAAMCAgICAgMCAgIDAwMDBAYEBAQEBAgGBgUGCQgKCgkICQkKDA8MCgsOCwkJDRENDg8QEBEQCgwSExIQEw8QEBD/2wBDAQMDAwQDBAgEBAgQCwkLEBAQEBAQEBAQEBAQEBAQEBAQEBAQEBAQEBAQEBAQEBAQEBAQEBAQEBAQEBAQEBAQEBD/wAARCAC2ALYDASIAAhEBAxEB/8QAHQAAAQUBAQEBAAAAAAAAAAAACAQFBgcJAAMCAf/EAEYQAAEDAgQDBQUFBgMFCQAAAAECAwQFEQAGEiEHMUEIEyJRYRQycYGRCSNSocEVQmKx0fAXJHIlM5Th8RYYJic0Q0SC0v/EABsBAAIDAQEBAAAAAAAAAAAAAAMEAAECBQYH/8QAKhEAAgIBBAEDBAIDAQAAAAAAAQIAEQMEEiExIgUjQRMUMlEGYUJxkfD/2gAMAwEAAhEDEQA/AKu+05yLlDhnxlyJkjI1Bh0ai03h7AbjQ4jQQhP+fnkqsOaiblSjuokkkkk4FWNHUI90C5Kd78sF/wDa+KKO0plFQVb/AMAQAf8Aj5+BCy+X6i7GgxNKnpLqGUJJsCVGw+G5w9h/ECAbuOEJZip2WVFZsoFIx9uOrfYUgquUckjlz2/rghs19gvtBZTo82oyImXp6KW3FekphVMrdR7QQG0lKkD578sRKX2SuPNHfq0SpZRbEqj1CHTJEZM5orL0kJU1osfGkhxF1X2vvgqsDBkVEHZq4YUbi3xkoWTc3pnposha3KguB/vEtIQVHf8AdSTYEi532uTi5e0j2Dazw3oSeI/DGZJrmXHNTztKcSVT6ezzC7AXcQE2KttSet+eIlQ+zB2q+HGYGp+W8swmKwzrZSlFUiOrQtSbFKkqXsqxvi+ey/xG7S1KzxU5+cuEdQqNES8KHUm6ctlBRMYBDqg08594og+LQbbbYhPVTNV3AY4e5CqfEbPlIyNRn2mH6xKSx37ps2w2AVOuuHohCEqWf9PrhVxTomSss5yq1ByFmV+v0aBILTFSfbDapGmwUvSOhVe3pg5+0FTOCDfAviJxf7POXo1HzIl/9kV5xcVTclhpxxKJLaUKNmVEHdSRuAcZp/s2tynFuIYfCBYagk7X3A/X4A4gcCWEJFwu+zBWC7wkqtPKwpFPr4cAJFgHWb+fmnywP3GrLJomd6o7CaUuGt1L/eITdKO8udJPK9wfpiz+zaiq0/I+bqbJadZKpsF8A7FQ0OC/P9D8sIuL0VLsUpZbKky462ljn962daFfTWMfT00KeqfxtL7Tkf8Av7nz19Vk9P8A5GygeLijL/8As8a+7UqJOo0KC+2umou6607ZtwL31KHMKG42ve3Tli7+MGTm6vLZerEiYhGptKGoqLuqJNxffzFzfy2GB5+zczOxlXOH7KlNJS3WmHU61fjT7n6/XBRcTOIFLy1VJbLjSpMtslxxxIJ0EjYJB5kAj5n5Y8P6lp30jIp+VB/6J7bRZlz7iPgkRviU6XT1sNokfs6h0tlKi2T4nHD+I9Sf6DDNxJ4q5fj0GWk1Boutp6XWonnskdEixJJxW3FLi8mJlmRl5uYGpMhCpDynyQrRrCVEkEaQk3AHoeeKEpWc8wZynDJsyQx7I84EyJimwErYSbghAUCU7cioEnyxxGfkmdNUFCUFxjzPV87cRnEPOPPpiPWZTHjEpCSeYAuT9Prg1eybwGiZupMWtVmAiOS2lCER3ZLL6VdbqWoJAvbkFXHlihqZw9rlYzq4ILTzbjUgmny3XLrCQRpJUlXu7AEEm1xvY4PPhJQsx5VoTE7OtaQXEkFH7Nj95qTy38Y0j/6nnhUMfyMNt+JeuS+GtPy4wymK3U46mbaFNy0r8t1DqNuoxZzM7S0ErXdaBubWv8RiqaPxQogjhC5TqC2dKVOtqT8rKG31w9wc/UqqyEsNvBLp2B6HGH1iDgmaXTOeQLkymzEOAL3GnZQ9P7t9MM71cRHRdS97hI/XH2+8O5JvfULH+uIPW6gVvhhN9lkH59f54Ty5SOYbFiDGpLk1xb6A6L6Dy9fjhM/V0FVisAf30w2MqUY4AOwxG6zVFxCW0mxtYqvywZHYcwbIJJZdeaYI0HWb2JKrY7FU1aquqKQpxIF77qIGOwwM5gNgga/bBFR7S2UE6bp/w/p5Pp/n6hgSsnPhmuUp/vAju5rClFW1h3id9sGV9rJRV1jtO5RQlaUpGQKeDdVv/n1DFY5DyHwljZITIr6qi1mAS1Lbca0lpTHdpHdrCjtZYKrix39LYYxHxEyU3XNJM9Zuyg7UMw5OezGmRVcyxqGY0ICyUhoJvoWn3ibEkG1rWw+5hyBLrkvM1SaCw3Wcw0uS243YqQzHjtNqUPLxoJxmj/iNEynU25VNnvvvoSlAe7y6wlJ2sTexHTFsZM+0AzNRku0ivvCYy1YJeUNCj8Ryvb6nnfnguNUrkzGRGH4y4uImT8z5JzJU8zu5sqbTsnMUqalSz9y3GW2lAVoFhcADc35A+mIvl7jFQ8tSYMR7MDslUTMEuruF1epai4lSN1cyTe5J63wkyp2tKdxVfkZbriWXUqC1R3XbXUnSbpPmdN7g8wDe53wDmeK6xlTiTOjtz5ZjQjYIdVc3t7p8wD+VsTJWOmHUvGpcEN3CQr+eaWK7nKeywj2TNynlzYRF2nQpVk+E7XHnitFzcvxdTLMCOGUK1LvvqJ2Px229BfFbL4iqkoQ2pxKroukKN7qHMkfDCAZ2fdKw2024QmyUnl539T+gOB7xDVUvOh5yo0JMju0JQmToSR7vLUQT9cIs0VijTY/jaRYKDiFEe8bEcvhfbFBnO88q7yQhBANz+LHoxnGbUVFL7haa6ISbq8vljp4PWtVpsP2+N6U/ETyaDTZsgzOoLD5hCcH8z0zKuY6bMgSGmTGcAQkW6nltvcnrgyeKFIlvZYp2f3IXdrmMNsuqJGtm6dWu1uZN9/QWxl0zmabQprVUjRbIYWFoRfSVEev62xeWWe21muvOU/KmdJTicuRGwx7ElfelaSkpOtahqNgdt9jgmq9TGtwrjceS8XB4tH9vlLoeD3PWtKTUJstNTbS6pqMZcwqdJTus90yVeZ5kAk7km1sVpl7Nr1Kqy2IhZQ6/3iXlqbuCjSQCTcEJB5Jvvte42M+4nZVNJlJrGXag7Ky3PQ0/CU2sEL1ADStSeak2IPrfzxSkRDs+vT2EIJQw2t1VhayjdKSbdbnbpjg522KSZ08Q3MAIYnAJt6bBhZqpjqJLjI+8QtjQq52CuZHx5XH0N9VHNVZDShPXCbjNJKnViP3aW0DdXuiyj5Xtis+yjkTVkpmNKS4pDrejWo2SrpYjzxP87cFs3t0J+FS8yypTTyVJZbmpW423q6EJIJA/iwimq8LAjbabzq5T+d+1hQHi5lrKWXcz1qSzqQp5pptbQ/huVhfQG45W5HFgcBuLFGz5F76HMdhzqetPttPmeCQwTuCRfcEclDY/lgOuJHAHPGXqk/DrWdmo7j7LhZ9lK48Zp3VdJWEEH0uq4H0wz5PoWfcpNxeIdEzEl6dSZzVPeSh5a25jakkuBC1krWhPgv8AugklNiDetXo/u8QYdzWm1J0ubYRxNgqdmZqoQGgHgpzSASDhpm2XUmli5BGk/G5P64gXZ6oeY65QGq7PacbEsd4EuE3F7bfQDbFxu5YdS4BpN0m/LGRgcYxu7Eo5V+odvUQuvpZZukkWH0xVXEbNdNoTK50+SGWmybqKgOnri4ahl99cchAUDbY+XxwC3b2VXotBiUqKpbTD7pL2nUNZTYhFxuL2Ivv0wcIaqBFMeJI5/HHLtR2o1cpEkNq0qbTUGgpFvMFQPzx2M+sq8O80VRyQ3AyxNmug61rm2JT/AAgn447BRiWoMuf1Dt+1EmJh8bcsqDbC1HJcIeNAJH+cmW35+eAeqWeZsZ+yCe66ixII5HY8xgy/tWak7F485WjsqZbKsjw1FZAKyPbJuwHO218Z+16rgqWlUhS1j94gD5DDAPiKgupO5dfjyIervSskXACSFAHESq1aLTIUloEG/iUbKPp/1w2Uiuqkx+6U8bJ6rubH0ty/ljpcphtaWnGQCTZaLkJcsfeAP6YhNySS8IZeYZ/EKl0+lPvMvSJKSlzVYpUT4Vi/MXtfpub4vjtb9nqtM5hczrlmAtyJUO7mPsti/dlenXYc9lKtb4Y8uxzJyHMqCqdVadGacS+FpTKUSylfId2tX+5WeXNIVyv0xpk5wZgcQsjqMaVplhghpTov4gkgJX5jlvsdgeeGBiBx9wBykNUwzZjSYs8h9FgW7BB53JI/THvSJLkhp9xlQK/EkE9E8rD4m3yxc/bayEvh7xVnMxIqY7LiRoSgEJAIBJ+J1K+hwO9KqDSAhlwFts3Uuxtf0B8v64T/ABNRi+JJEsoTHEiS7rAulAGwWep+H88I2qn3L5X3yW1XISlCbkD+uP2fUDOaDigW2j4I7QG2gdfgfPDahEiM0qR3iQf3ATYD+I+foMbmY9VStymo3dFxplxadyo+K3qcRBioriT0OSgqQ0F6nGtZTrHkSN8fYnKakrfdOpwjSkqHL1x41F6E8ELZClOn31HYHA2bmXDX4MJrGbuzrPrtcKFQGpy0Q0rAs2dwvSOiEjSkb72+tR5Cp8zMFXrVWpynP2W5IMVh4i5eSg7qPnfn88XX2aqM9xg4UxeDOXqqINOhMJeqU1KSh37xwqeLaeZNiEi/+ryxes/gFlnJtNj0LK9PEWBAb7tpHNRHVSjzKidyfM4U9TzMMFIOY36eq/WBfqTPsxSe7oEWJKSnU2NCRfxEeRG9sE06wiBl6ZUv2ep5SGFKShaSQbC+xOBd4GWoeZBT5McqaOw1NhIFvjzwX9M7iXA7go0tuI092o6gRblhLQHfiBjeuOzJxMie05x0zFm7iS2zQKN7AmnAx3F+JSnVXOw8h6Dn1uBh14L5S4pcTa7CvHW+hLydYdihtAQOiSlIsN+RO+/PGhDvY64dVbN7maZNDaDjqytaykFXmQCeVz5emLa4fcHsrZGKzSKY00FKuDpFx88dMMwUKsUV1BLObjhw6yejK+U6dBeQEuMspStNtgq3TD6qA2pwkX8XI4dnGlBASmwA6YSeBBGojV64KtGLXuNiMz8NvQfDv68r4H3tKcJ2M/ZckNJjtqksWXHXb3Fp3B+N8ELUXFJCwFWHS2IXmCSXW3Alsq0ptcC2LKhhRlq5xsGED3h1kdliK4K9R2EVJody46tAJUkWtuPQD6DHYveXSoKpKnAQ2T+9a1x8sdgQRwKuFyZMeRt1VAo+12kSme0dlJLUtlltWQYNwE3dUfbp/LyHLc4z0rr6xJU0ShdxuQQT87bYPz7Yp1ljtHZOcGpTqsgwRoSPeSJ8+353xnrMW9IllTyUpUojYHYYKT4iLxTS5C21d2SUhQNjpvf+zhUqoT2yqOtlx1oXBDgtb4Hp8cfkWkzo5S6pPg897i/l5/nj8dil5w/5ZL5Ase7WU3Hz64r4oyS6+zVmM0/NQiCdUIyJA0hl9kvtLPQJVbY287A4217P9Ubn5UZcS8XUKaQElSFIVYJtdQUAQfjvjHzsgpjQasVU2ZNRIX4nWpLQUwEde8SQfCfxpvbrpxrlwJnq/YoC2S0FJBQkKC0cv3FA+76HlhxT7W0xZxbQHftK+GyK9mV2YyktrSwH3HrbBoHcfzxmZNWFPOuFgIaYAabTb+7nqcbc9uHKsKtZQmy3gErkRlxFK0m4FwrmOl04xb4heyRcwvUqCB3MPwEjbUs7qOFcn7jAPEQt1Pvm7qSdXugDchIx8rnKXq75RJANhe4T8/P4YRoeCwENAJHIC3i5cycfmjT41khJHgJHP+mIDxIYmd3WTvcnfHqhCQ0XEgqWN9uSR6483FAqO2PxKyNrkAne2BHuXDQ+zRdmM5+zNUnHVezop6GVFR2ClKuPTpjQ6Q9AeaShaCtaxuLXUT5HGbHYVzXTqHNrNNW8EOOOtvkclOoAIF/IAm/zxoNlSoLqDCZ7ikgPm6L89PSwwvl8uIbFxzFz9NixVJfjxA04g3SpJ3GLP4Z5yiqUI095LTrabG+1/icQ4IQq4LaQojcqFzhukwpMZ1MyI6lpSTfbn8/+WFF9o8dRyhlFGFbTpiJrOpoeG3hJSRhY68iKkKJFrE4gWQ8wJlUNhaJXfOaAHFI6EdLYkL8/7gKdSQVC9/LHQV7ESZDuqetRzGxFbK3X0oQBc6iBYeeIE9xqycvMDdATV2+9cIShYV4VKP7vxxX/ABhnVepTRQaJUX47splwBaUakpNjYkdRe18Z/wCa+K9HoVPpua05qXKnMPuNzXWXVoVGmoWbMKSbaToCVg2IOo73BAJg90kk1UNkxjAqk83NVcw5xolMhKlypiEhACrFVr4ii82UqtoMmG8h5Ct0hJ6YybrParXmqpTpGa6hUakHIq2ovdSVtFl+1mza4BSCd9ulxgzuzHmlmuZCo9TdrS50xyGlD2o7hxHhIIPUW59bYK/hRBuAoZCal6zQ25JVpSoA77DbHYRyJKgQ4nZw7G22OxTNzBBagIfbHMS5XaRyexF8H/l/BKl+Q9vn7flgCo4ZVUW4MZgykpASrXbUpQ5keQ+eNB/te3DE7Q2W5i0am/8ADuEkAjbUJ8//APQvjPjL7Cn5ZeTpSQrbxEFJ+P8A1xj9S5PQt2PSg2iCUg9UEBSfiDt9MQKorQJOtxwOqSbltaCm59bbfQ4mUqUpMcsurK/DubE/8j8RiEVZ9rv1IbQQfMK2+mNPJLg4LZ6y3AqMVE6nMR5rS7NOolhkm38Z/kefnjVHs18UhNgpiLnsuDu7p1KSlaUjkFpBI38wTbzxjjlDh5IzOwiZDrrDDijYNlCtQPqeWLHyVxF4j9nbMSXag6qXTl21toUQnc76fwkj4g/ngS6tC30r5hDpsmz6hHE0j7fud6tS+FkyZSxq0oUlY/eAte4PwBxjHIfdkvrkPrUtxxRUpSjcknGq/FXOcfjP2canmSIhTzZphctzUQW/yO9sZTFJSooUCCDYg9MTcSTcyQKBEdcvZeqtdlBFPjlSEbuOHZKUjzOPXMTL8KcqGptI7sW1JTYHFrUKtZbyzkdLbjyW3FpS4tQA1LP4QOpuSedtsV5VZiqnV3q1LeajMu27llatTikdNgDYn5YXwZsmXIQBSiM5cCYsSm/IyLJYChuTq+FsfSIMhxlb7TK1ob95YGwwvrKpAUNcVTSFbpum1xiecIqacyQqjl1AVd1pR0pSPGbctRPP5YLmyDGu6AxY/quFn32d62ujZtkKbW2lTrKQdfVIULgWxppwtzOioUpFQefU4QEoSlI2TYdPrjJpDFQyDnFkS2y25DfBUFbBSb7g+mNK+zpXGqpk+BNefS6iU446lSBZGi9rj6fljLMGUEdSwpQkGEMxMcCvvedgpZPIX5JGPWUX5qAhD5aSOdhvbDExKVMVrb8LN77jc4d2X0sI8ajv1PM4UcXwYyrERwyfm+VliqiK4SIrigHL2vflq35H64uhFZTKZC0upUCm4uRywO1SAfWXUI3Pu3HL1w4UTOk+iKTHmhchkCyfFuB6+f6YmLL9PxMIV3m4+cUpb8KHNnw5TSXg0pIcKSSlJ5i17jbkb4yU475HqlJzRVZqIUeXAqD/ALSh2PJUtaTzIdbBtqCire3XnzxqDm7M8WutqiQnNetNlhQsR9RvzwPuY+B1OrU9UiUt6QlYuppshKSd+Z540uYKbEYyBcqbW7mf2U8kVrNNRgR4MYMMOOJDjjhIGm+/xP5Y0l7P+Xo+VKbFgRlOtMtICUhK9V+pufO5O/rhloPAXL8OYJ6I6I6wskoFi2Lm+yTy+Rxb+UqLBoSkNd+tzuwCCBa1uVsEObdVdRVUTEP7lhTllYbbQtI0puSTb4b47DWXjOVrAKEgbBPT0PnjsHOb9RIr+4Fv2ztQdb7QWTqeg+FeQoS1f8fN/pgIshUGfWJbrUWOtwqTsANjbffB8/a05bjVvtO5QVJZW5qyBT2k6eQ/2hP/AKjEK4GcI4wp77y6Q2lhpg6XnjosT0N9j6YDqNSMFD5jOm0pz8/EEGtyJNOkLgPoEdxolJQsnb8sI47tMqK/Z5LqwALuOpZKzb0A3xZ3HKkxI+aX2lxo90KsQlSQD8k4bOH1YoVDakrdaZShxCm1DRdakK2ICtJPyvhpGORQ0Bkx7HKxny9UU5PfXLyrW3X1IWlMiHUYiUtLB5bhZIPrtbCXP/EORmlp2DNp64jjS0lLWrWEeaQrna+4xZNC4dZFrOYW80Tc4QmYSXkPO3c0vuJBB0AE6dRAsT63tfCDihljL+cs6SJWWaaGkz31utNwxqSCd9AsB62AHpjD6XEWGUjyhFzZhjOMHxhfdkhpvOPZbkU16NullbROk2WW3Bpv59L+gxnXxGoD+V89VyhSL64s51N7WuNRII+RxsT2QOETFA4DR8vx3faUrYU9r021hdze3MH9QcZ19uHhTVcncU3as1EWYNSQHEr08llRGk7c9sbKm7gP8ag/0SO9WahHjyJFmmbXKuQTfEvOU6nS6kppyqxZ0NCy6w8zISpjf949QQDytiFwVPU5ayUElVgQNjzw4VqdKejp7txwhXNJBJ5Y0pCiV/c9M01xupSnGW3NYaUEJURzSkWvfnhdwvrcijZljuomOsNFwd53ZsVi+4xC/EDuDixuF2VlVKrQyl1vW44NarBQbRzJN/TANSy7DcLgBOQbY6cf2HKhnOEmHE+8lMICAFalKJtscGh2Wcr1GmZEpFLqyVIebjpS4EnwoTqUQkepJucULS8lDMfGekyJEdwx4yXFIStOpOhCLAm+w3tg4sgU2JGp7SGEJShNgNPOwFsLYG9pVEPqB7zNJvS6eFlJKQEjZKAdvnh8do6SBqTfa5x401ARpIJuNgLcsPzDWpOlfPriNKWMD1JLiAQN8IHaWk6kKTz2xNlshQOlPIdcNj8VAeBJHiFsCIhFv4lfTKM6hTzzKRqIsgkYYWIUtEju1qIWGwk7czc74sqXH0pUEj3jt/XDNLpxU8HGwEC1lEDn/d8AZdvUMrE8GM0GIE/duAqIAKifPDvEgqQSpQ3v9cL41Mbbb2TcW3/phW3H1cwPkcFTqBfueDbejlf5Y7Dg3GKOYv8APHYZUcRZu5Un2jdKpy+KGVKtIqcdiSctxYzbSkpDigJMlRIUTy3tYdcV7THZEPIT6IUZch11vwpUo2X622Fzgo+1TwlonEXPlNm1JrvHomXojTRdVZpol+QUkC3iWq6vgEE7X3pGbw7qFPiu0qK2p9xAuHu7UUE2tYX2O2Meo4SVVwI56dmCkqTM7+KUCuSq1KnPwnE6VK1p7vdFjuP75Yq9b7rDhSVCx5jfb5YOfNnCStzMz2nUtlQlDT3T7BGsja6VCx5euJbkj7PJOaZiqnWSllK7FqOj7wfUH8r43p9QCADManTEMWBgEZVZq0h9pmC2pSVOi5AJub7JHrfGn/ZH7GzcqhwMy5ry6luoqSl1hx5alLbPPUQRYE/PE44c9gjKuUavEkporEkQ1B1GvdJV0Jsf54M/KdAj0CChhCEKcSACQkAD4YaGS4qVOMdxoyhkSPlGlewpTqCtzfcA+hPLAh9tjhJGzFTQXICXiiQXUnRYJsDv+Z264Oac+GUFSyBivM9UCj5pjFifGS4NwB5X5/HG1cE0ZgKe5jY92ZpjlJM1CXx3pNihIK1J3Pvfuj0HTmcUnnXhDm/J7qpqqPKbhJNytaFAEX53P88bqRuE+S40Lu24QUUJ3KwNKR6DkMV9n7gxkvNdOehPwW3mV3CkpVY39bYw5o2JpabgzI/hVwgp3EifHYdbll5R9xACkm3U23t64ILL/ZknZdzI21Cf0ssR+8UhIAQlarWGwtewvv6YKThxwRyjwv8Ab3aVCR7Q+4VFaxdSEDkkW6YXPsNsF6U2w2p11ZWQtIHwF7XHLHPfc7UTxHQUVfEcwYq3QqrkGswqxIalzWO89nf1EBTQWoJB295JPnuMERkZ1UnuyEpQ2z4AhJ5kYiHFJRrOWnX4TY9ojrCZMVSQouM3Gsbbmw8QI3FtsPnDasIcgoc74KcWbqULe8eZvywZRXEWY3zLihvtx0JKk3ctvYbDDqxLUUBRGknrhlpaUvICzpsep64fmkAjZPpviNxLUz2TPSE6EtnxHmeeE7iHJMlI5BIJHrhWtlttH8Vt9sJRIQ2tSgbECwv0xgwyz0VBbcRfRcAYQPUzWlNkXQTp+Bx6VDMdOpDClyZTdwnkSLn4fXHzQsyQqpEXJSQArx2I6XsOeAsAxqGCMF3VxPBLQa1BY9wm5OPlTTYVqKtGroVWwtmvNLSVNAELBuPXphJDQVOalt36+gONqpHECTcVMs7bKv8AO2OwrZY0+FKbW9Mdg4UwJ5MjXamzEMu8YafWs0VgwMq0bKEOSpJXb2qW5Jlp7pABupZShIsLkkp5DVhBl3NVFzFG9vZQG1bANqUNLRFrgkeVwLbknA1fa0VCsDj3lCm0+W+lIyVBfS0FkIDnts0avIEgAE87AYHHK3a/zJwjy7Jo9PkN1iuSXW096tJVDhRgVFSW7kKceUtRKl7DkATa+OiSGQCKAEG5p3PiZfqMVTU9hElWrwnRpAPPw33vy3xLcg19ikBFNfkqLY2QFG9vQ2wF/Czt0cPc5U0JlxWaHVW/u1NPr70rAHvgKKQL+QKvK5xN5HHUSH0mhREvylrSEa3EJW4SedkkpQPirbrvtjntjINgRxMliiZoPSFrcjIcZDRQsXKgbHDi9JENnWq6kjqNz8cUBwE40x83U5yjPrKZbB0qSbmx62NhceRtvi461U2xFAvsRtixwLkK7jGvM2c4VMaK5klLbFiVOKOwxRmYO1NkaA2+XS9oQ53YcuBfzO/LFJ9snN+cITwaoNZW1BZV/mo4VssfTa3pgJ8w8W8vtocizKlK9oSnQrUkBCj/ADxvTMucE9VC58X21XzcOrOva5y/T6RKRQ55cTJOkq7zdN/wi2+JPwV4ixs0UONIZlKXGXqNlkbr64yRzBnVqtTm2mpTi20qBC3CUpSPTGgfZDdnVPJFNTJbLCIbYtcG7lybKPliaklSNvMFg2vuBhL5kXGilx5GxdQQRfa+K1rrpYjKWErUN+St/hiX12cXnEx0lCkpHPe+IpXYzkmMtLQCjY2uL4WPk0htRUF3OOY8yUirzl5fkKYac3ClHW0FXukqR7yFA7GwKSDsRyxNuDmeBUZTTNQitxXALuobXqa1+aCOaTztz87Ya+IGSahIEqZBjtNOFJ1pkIKmlWN7Hqn6G2KhyrKzTl7NyYX7LXHZdcHeracK2kDqrfcbeuDL1Uwe+ZofQaq0+yjuEjSB7x5YlkVzQgOKPiI2viouHleiTqbHWw4XEJSPERa5+fri0EO3ji5spY5dcZbqRTzFEie1q096LfiPK+EbiDLBSykhHUnrhHPnNU5Gt428gBc4VU+pxnmrBVibX/EL77+WBgXGB4i5V/EjLVdlPKl02QVJTdws7gFXK4PwAGIrRs9Sqcp6FPbfhhoNoUhYI1EAg78jcjp54vuW1HfBKgCSLegxCcxZOpdTdbMhlKVd4ldgOoPPCz42VrQzpY9aWxDE4sCPcGbLcjIcfVZSvFYm1hiRUhgWC0MuaXDYXBHz3xEoFSKKs7H8CW2iG9uYA5Ym7E1awnumiSfdCj+fww0gnNfkx8ZjMqQCqwA2HnjseMGNMcQouqN73uMdgsFtgS/a0F3/AB0ywhn7sryLCQt0DxJSZs64B6XAPLfGcNbhlLyg2khKTvtud9saP/azqcPHfKyASE/9h4RJ6f8ArZvTGdWY25LbzqtOhtXU8yAfzw2ehFiOI3wpSIS0JYdU2ps61uAAnUOQHw/niwck58m0aOG36eauE3ftKQbFfS6kKBKQLbE21EnpislLR7OsafvFLB58hY7W+eHxNQQ2mHGjLS23KU13rgF1JSAEkW5e9rPLyxkTMLvhl2jc/wACTDnyK/RYbaGtTcOCy6lTYSfChNzubWF726AXONE+DXaApXEfLDcatJ9krLbX3jCjzVexsb2+QJsep54xsylX6dTFqVNbcluS1uR2EtOALQjdOu5BIsDbb+JWL2o/Hmo5YqtEnQEMtU2EURKoArUtGwBXcW5DcKtuSPhjORBXEIjlTDm42ZUoOZGi9NQA2ApLjajbWk9MZ58TeALkbOL9SyjKE2I8bMQ9JCkK6pJIOoeVrfHBh5d4tuZ/CYzMqPMj3sNdlFaRtqBvuDiYtUWChSXmKcw2SANSWwD9cIr7RNR7JkGVQGmf+UezVmeXXIk3NWVZaUR1hRYaBCV2N9z5emDlyRHk0akJD8QQbpSlLZTpsALAWGJMiMthNwkWBsAnHk5HD4KVgbefPFO5aUlJ0J7oUXWitS9Syb3OPxDKnfG2vfyx5pdQwgJUu2nHe3odUO68JPlilNQbcyMZ3mxqXTpElTaPCm7iFpJSfpyv54DmqcRsrKzepiCzOb7xWju1kKDTg2KU2INr3HXBM8banVafQpjcWIZS1tnutKrKSrb8vTGc+dWpVPr7eaIPfd4XO+dZevraVf3VW3UOmrnhhCGNQbAqtiaI8Ks8wvZYzTqtFtkNagq581G2CAotaRKabcLl9Y5+Qxmxwm4l1OoLipppSyFKQH3FC4bRfxBI6qPLrgv6NxNiUWk/tCtOBgpWllpoqupbh5D6kC2NOtQan5Evee0JiF7b2vf16YrWbWalRqn+zo5KklWpTit7X5+gAxZWVnvbaY1IkkB51AJT+EnEQ4o5Lq7+mfSWStKQQ8EDxEXHiGEtSHRNyTqennHkyBMnRiZvO6zJbi6rNAXUv8Ztcn0A5DCgZriTnm0rKm06CUlR5kH/AKYglJbehOAvkqVc31c9umF89iFNZ7sOhKuttrf3YfTCWPWEjyE7GX03FftmPi++nZojJjP+B1f3gBt4hz/TF3ZdoyU6VqBOwO454HnhoJjmcERpbgWQouAg7EWsTbpgq6FHSWUkAbjw/DHR07jINyziavG2BtjRVFjIDfugAm4x2HRthLabbbY7DYE55PMzJ+1+rjlN7R2U4rLetxzh/AULnZP+fngn8sZ81aXJnurccOvTtfkMHj9sklf/AHmMnlBCb8PaenUdrf7QqG2AZZhKllLLSVIbSfEVDwgna5ODCDuxUYkpKlAE2vzPlh4ocJ2fUI8aDTzMcDmnSrVYknYkDkPS+JNk3J9LqVTbEyoNtNsg94kErW4rpy90chc4LfhjQ+EeSYjAcqlMdksNd8+8vm26QCUgdbX+JvgbsVHU1jTeeTGXg52Up9TqMWu1VmL9w0hTDGgDSk7na9klVzvzGCbp/Zf4YKhd2/lOGXXU2cCrqB25/H1wkytxZyTBnswaetx7v2A4Aw2FXO2xP4uhHIculsW/Az3loJcSpwsPBQDmoDwg/i8sCD3+UOUI/GQ3KPB7LeUWku0entMssXbaRp5DrvictwUssjUgBN/lhWuqQk/dOPNqact4SbfCxwobmsLCmvDpHuk23xkixMhiIyvwmSkrSdJPlhsltqYHfFCSP3iOfxw5VWU1DcuooShV+fK3liM16psJprr0d5V7EhJPO3l0+WAgc1CiRLMldVGk7LOkcwD0wmo+ZC5IShazpN7Hy8hivKrniDNnvQWll4s37wAcz0GEdIzHVmn3nVU5zuVKSEA7XxYIBhSPGW/mf2GpQFNStJLjRG/L/lgK+LHD2VVq87TaBTi6XHCCAjkq9in0wUlUVW6uyy2w2pCFNrSb87W2/nbEkyVw8hpf9tlMhb7iwpSljckHb8sQLb3ME0lQb+DXZ2zfld9FRdp6LLUm4USdI8wMX+xwoZqdShSZf3bsd9L4NttQ6gdSOnri/wCi0WIEJQllI28sP6Mow5BSsMpC73BtgxNjmLjgxBluihMZpvdKEgW9fUnE0h0+O83pcTqvcb+WGyPR5sHxai42OlsPEKUggaSNtz0xV3wZdECxIfnDhXQ60hUltsw5R/8AeZFr/wCocjijM3ZOzDlJxx6c0l6MCSH2SSAOlx0wVvfJlHTa6d8NNWoMaYytDraVoWCkpULjCmfSY8vI4M6Wl1+XBQPIg3cFXotQzI8pp1LikEpcUFAgemCwoyShoL53G2Kgy9w9o2U66V0WmMxG5LhW4GkBIUT1IHXbFzUu2hI5+XrgulxfSQLcDr8/3GQuBUcy3ZIKuuOx6dzt4tx0x2HLnOMy/wDthWEM9oLKVSWixGQ4LSV6d7idPNgTsOfxwADzqWUB5KrWNwpQvY+mNGvtdKMuZxnypPKkKbayXET3Z339smG/5/ljPSow9ALwQFK3uFiyb+o/TBVYEGviW6bQD+xGpqpLRd5Et/vgdSUtiw1fiJ6n154cKbnRdOW1KTC76W0dSXHXVFKVdCEg/O9+e+GBxLgUtQWNzY22v8vLHjoVy0nlflicwVywKZxlzhTFSao1W3xUVp7qN3fhRGB5rSOivL5nnjzp/HTitTZC5cfOlQU84sOKU45rJI5c8QmPAmSlaI8dxZvbZOwPx5Ym+SOD2as0zI778JyHSe9CZEtwWsnmUoSd1qI5AAjzsMVtv4l2ZffBjtdcQavWYlCzVX2ChxQSXX2U+M/Hpg9Mq1FVRpqJUhba1FIIKbhOKZ4OdheguUBirVCMhYmI70RnWNKmQobAK53A5+uLWd4X1XhvT+5pzrj8RpFkgrOpsAcr4E+PaYZWsV8z6zdVJcemPvwXUrLSbqbIF7eYJwF3FrtBVYV5mlZYkhEhhzTKbXdCiofu/hNrfO+2LizzxNnooVXT7aW1x1BLaid1oUCLG/IhQ+BGADzVmqpTs1OTHm0uPBZv+FW+x88B2AtGCxRIW3Bz2ippdnVdbYflOF0hB8zi+aTQ4Lob+7BFwTcc7YEfhNnCRT1MMSXLurZSp1XKylXKUj5WwXWV6nHfbQEuAlKU3+mBsQDxNckXJvDoTbwBQBb9MSSnwkRUJCUgHnfDRSnyptKwrbD80tK0jxeuJczUldE1L0nzxNaSkOCyxuMQvLTiVAIOxvidU5sJKVE88EHImSI7hpIRyvceWIfm2NLhWnU9zQkmzqOn+oYmyACm5w1VuImRHcbWm4Uki2IRYg1NGoy0OclTCUrVc2HPD2FpcQAeu5xWFNqUqj1h2jvJWrSdTayrYpOJ3ElF1kHUPTfGAeISuZ9SozZlIWi1wq+JPTmglKdr2wxQEJkyUBRFhucSqI2AAlIFuuN4x8zOU/EVqASkEY7HKsnZVsdg8XPcyo7YvG6l9os8PeKFIo0qltVnJcYLhylJUWnmp01twBSSdSdaVaVbEixKUk2AiVanJSFJUoKJUL7Y7HYmD8mjuce0n+pGnIUDvvvELAJ0kixJPTnyGCL4BdmKj8RFx6vIqGhgJS4oOeJSx0FtNh8jjsdhxFFzntx1Dz4WdiLhbT5DNRqLZloZsoN92nxK+Nrj6nBAo4G8OWoyGGctQkNNELSgNCwty6fnjsdiHqUCZL6fQIMKE1HYYSlKRew5YYc2USJNiuJcaTuLXvyPnjsdgTy5mL25covZMROmUuoa4VRQouw1pslC0/vII3F78uWAUy+4XKkA4kLUrkVHljsdgBA2mHDEsLlnUeu93VYkOO0pPdrSpa77k2v/ACwQ/CbiLUKlKmqcQQ2Hu6QL7gpSCSflbHY7ChHEcBJ4hD0DNa3YTT3dKssciRiT06vuPNoXpV5Y7HYHLoSxsmSy+EqWN8WfTraQOhx2OwwnxAmPUWytvLH5KZC0m+Ox2NwT9ysOJOW9cU1aFI7mRF8YO41J6g2wx5UzU5NjNJ0uaynmo7WvjsdgI7hT+IlmZUeVLfWtXMAbYnMdvS2COeOx2DJ1BNyZ4y12tcX3x2Ox2NwRM//Z','无'),(2,'吕布','lvbu','123456','lvbu@163.com','13812345678','2018-11-10',6666,3,2,NULL,'三国猛将，对象是貂蝉'),(3,'jack3','jack3','123456','jack@163.com','13012345678','1995-01-01',8000,1,2,NULL,'无'),(4,'jack4','jack4','123456','jack@163.com','13012345678','1995-01-01',8000,7,3,NULL,'无'),(5,'jack5','jack5','123456','jack@163.com','13012345678','1995-01-01',8000,7,3,NULL,'无'),(6,'jack6','jack6','123456','jack@163.com','13012345678','1995-01-01',9500,2,1,NULL,'无'),(7,'jack7','jack7','123456','jack@163.com','13012345678','1995-01-01',8000,7,3,NULL,'无'),(8,'jack8','jack8','123456','jack@163.com','13012345678','1995-01-01',8000,7,3,NULL,'无'),(9,'jack9','jack9','123456','jack@163.com','13012345678','1995-01-01',8000,7,3,NULL,'无'),(10,'jack10','jack10','123456','jack@163.com','13012345678','1995-01-01',8000,7,3,NULL,'无'),(11,'jack11','jack11','123456','jack@163.com','13012345678','1995-01-01',8000,7,3,NULL,'无'),(12,'jack12','jack12','123456','jack@163.com','13012345678','1995-01-01',8000,7,3,NULL,'无'),(13,'jack13','jack13','123456','jack@163.com','13012345678','1995-01-01',8000,7,3,NULL,'无'),(14,'jack14','jack14','123456','jack@163.com','13012345678','1995-01-01',8000,7,3,NULL,'无'),(15,'jack15','jack15','123456','jack@163.com','13012345678','1995-01-01',8000,7,3,NULL,'无'),(16,'jack16','jack16','123456','jack@163.com','13012345678','1995-01-01',8000,7,3,NULL,'无'),(17,'jack17','jack17','123456','jack@163.com','13012345678','1995-01-01',8000,7,3,NULL,'无'),(18,'jack18','jack18','123456','jack@163.com','13012345678','1995-01-01',8000,7,3,NULL,'无'),(19,'jack19','jack19','123456','jack@163.com','13012345678','1995-01-01',8000,7,3,NULL,'无');

/*Table structure for table `job` */

DROP TABLE IF EXISTS `job`;

CREATE TABLE `job` (
  `job_id` int(11) NOT NULL AUTO_INCREMENT,
  `job_name` varchar(50) DEFAULT NULL,
  `job_min_sal` int(11) DEFAULT NULL,
  `job_max_sal` int(11) DEFAULT NULL,
  PRIMARY KEY (`job_id`)
) ENGINE=InnoDB AUTO_INCREMENT=7 DEFAULT CHARSET=utf8;

/*Data for the table `job` */

insert  into `job`(`job_id`,`job_name`,`job_min_sal`,`job_max_sal`) values (1,'部门经理',9000,30000),(2,'职员',4500,13000),(3,'程序员',4200,15000),(4,'工程师',10000,40000),(5,'会计',6000,13000),(6,'HR',4500,7500);

/*Table structure for table `pic` */

DROP TABLE IF EXISTS `pic`;

CREATE TABLE `pic` (
  `pic_id` int(11) NOT NULL AUTO_INCREMENT,
  `pic_name` varchar(100) DEFAULT NULL,
  `pic_info` varchar(500) DEFAULT NULL,
  `pic_size` bigint(20) DEFAULT NULL,
  `pic_author` varchar(50) DEFAULT NULL,
  `pic_data` longblob,
  `pic_datetime` datetime DEFAULT NULL,
  PRIMARY KEY (`pic_id`)
) ENGINE=InnoDB AUTO_INCREMENT=6 DEFAULT CHARSET=utf8;

/*Data for the table `pic` */

insert  into `pic`(`pic_id`,`pic_name`,`pic_info`,`pic_size`,`pic_author`,`pic_data`,`pic_datetime`) values (1,'1.jpg','吴亦凡',12345,'tom','\0JFIF\0\0H\0H\0\0\0;CREATOR: gd-jpeg v1.0 (using IJG JPEG v62), quality = 80\n\0C\0			\n\n\n\n\n\n	\n\n\n\0C\n\n\n\n\n\n\n\n\n\n\n\n\n\n\n\n\n\n\n\n\n\n\n\n\n\n\n\n\n\n\n\n\n\n\n\n\n\n\n\n\n\n\n\n\n\n\n\n\n\n\n\0\0\0\0\0\0\0\0\0\0\0\0\0\0\0\0\0	\n\0\0D\0\0\0!1\"A	Qaq#2BR\n$3br%4CS\0\Z\0\0\0\0\0\0\0\0\0\0\0\0\0*\0\0\0\0\0\01!AQ\"2q3aR\0\0\0?\00ı8p~@p(Ayla\rU\nQT\0<FZ\n^@%vK \Z)6Bw1Ne^4=E7\0I[+:T?2Ju:\0+Nq;U(9MU5~QyMK&qkN9\ZyDiSg)6瀎@VE*}8q\0{.uљ\rfSїװ{GR<\"˫\\)C	cm\\H֘1S=wl9Yaf{_Gչ\ZQR?]JIT1r= k͍\'/s޸,lZQ,SVH@6UX0ű3j?/\rYSVk\0~3\Z/F\Z\Zbz5!p@gP[:ڃ/63<DeV H|V;*3tOK#Ii$Qmq{|#p\Z=,rR\0-9/͹wp#ɛeð8ꝲ`	*v+哷p/0g4%Bف=W#3%LMU1rC\\8}TҝmȺ\"+b\n\n\\T9$B!e\Z*پEBDI&\0.BҙJm3oWMQ\0Irǒ_(-ʰvG\nUǷ2\\cSy7>PyH2l5B+TT#kn=>XMԪD6n 9xO\r<kJadpe*nQ{{sl}Qx:>zL)&G%GR$Ozdex7[6ۣ7*,9L1\"h0xb̫~FWo&zho}Ezg.Uf/tSX3*p=QJk\Z\r+㵦jwҞ\"rhs$5hg$ѭLnK:,\'mt!\ri.})܄$+p\0vWmy.]U\re?4P5*gHӏB~xٕVi\\ĵnZ!W<EPbb	[~v!uXٻg\Z\'˫L{fjzOÑn9mq~Knu@Wa׍C*^!O⢝%D~6\\xd-FxI4[4V]TE*˕<XZFߩVE,,(+\"}uY&U=+UȂ,YWlWs$@\nJȥ\ZiV5&yU4pG-pɹ4\"e/cyx>_\0VNjAQxba;powK3F.B86|EEU&#I,,y\\u{[\0_\0؅jp{F\0<UB*))<|4k@&ؓg\'\0}ii[p́qn*{3DEJ`[ŵe*Y]]\\m˰s/}X[ri$NOb1\n;LSʅ?|X\n0ʒ^%wLR	jsJ:Wi\"=\"_g/\\:e5LaePK]2&!&xf\0&uqncC\\>A$e39嘷vېGk[\Z*YUS\"+0!oH`\nf\r[GI4OT r~~CXu[]Kf+16n\0q/cwS}A&t`YJT~2 3IS<T18˔Чt7\"䫔`km\n7Gj#-<P%$^FV鼺_!LRW=[$-\rL8m#GV=B#\\ 5C3fA=UNU[d*wntװ\0\r*WZ\0wAgWL_*`yw\Zwu<U` &2\0lZ[%-u%U2MqG 8澂5E5@4){d5J>\rԞAU\r!*-hŸ\0,ઉwc~`;jaZKmi]I`#Y1Wa?p[ƽ5BG_l\0ch]CSf*,G{`2y&ʶJCǭxEC/qă|%A,;\0cFcTs!٭uB.[YJ|Y$p\0߾&MF#e*E\0<74H\"ֹ sUo?Rz-rîJܞ*襭XtHT0f]1x>3caTyuF]5^_Td\"=eM*(}fAbx|vMISWFĕ:ߛ{\0_+\r֥gM?l#k`OtWCc]v̦7\0N*i+\"\0{{`2jl\0IfRg\Z\'0\"Q53M\"1R@!\0	;DC(W:]#]fysyɣXaiHJ>[ܩSj\rwr*<RkL	s#/KmY-ɓv%#]+\0<ֵ:+TH5G)^Z4<\0\r`Jsh\r*`K,CpO#i}CVIY>mS7gTd\nR@BH[5]]y*ޤ,4Q!uHBV^dTȡx54\'/;	\0myEL6JU+#e xFo\r˅klm4E>hhf9e[WAZ2RN**I6STJV|\r8$N.C/.]Q%)1`@ڿ+}p\nTE#B<&ÑkഎJ2+07\\W\nKqM0h\'/<\r$RnI\0~&@/	/bl~\0Y:ߍlvSI\">ig?۟)lN[r#fhP%v6n\0bAidUbv9H\0 \0+o,U*IE@bϲC\rDsA5\"ߖ1ƗLie)rYOij21~a/2Z=ߤ=䨈S*1$kǱ`>VhifIxRDum}$~]6\0C9J57P(\'f20nH$J=̨ędo0?(/n	\nN]?ΧnVY> j(BwlJKmZE\0\ZIGBEi:+ti̋Ȫpv̪	\Z,c+饩zj\':!ed%[-qHe)fE%vP4pm=dG<b)T_ԅANo \'Ua)⮚veR4i{X8ȶ|Į݄/Hmp}$w^|WTUC0j5v.?&f\0m~1<kj+`JL-)3qc\"/Qd,ǂ.ftp~:(+IGl@MGe;<j<Cv|x/!t^m#UN*(**U\nJvBTW[+r反#NIkG$<)\ZHԏUi6Qc\0`$p.Oot.Ĥ,cX{s5UQ|w5b.K&G2r(f+\0,\rDE{Sm#\045RĐAy.q@gt#3:+Lې;qT#ܜM*ѡ*\ZAb]ݾkE		uCvcsHQ3G_<-_g_fnt TJ\nyo\rL~\Zqc|SǙdyͤo\nDjPI\\\\Yք;V!i5jrui\'M*격ie(Gf;7}p:N5!gZEJHr;E\'[n[9c꣓U%5t8dB|ᬛ>em$!:%\nYvt\'pAq%9`Ƭf*\'UDv+d:ÐGs\\f̪fU\"jCw`Jc\0FLw,I?ĉ F@>^ݰJJF۶fo\rtSӪ	/&FU8j7F}%Twr-:FH%\\sc\01La?T:siSfT1F\00*^7B6ޖZ6iCd\0<.IYN]@!YBIo_,.T䙬u\\sʅEW<PKfau9~%B*/Mx\r 5O|0ds+	/9ݯ--@o˨U/PiBPcCʀ^	7/؝PN  6j\Z33ڠb8\0]\ZD\0an\0l^thitt4E3Ik\0w7#1=WfUQj}WVe^e53<܏2?Q\09dXŎ=J(td>ڊU́6eƀi0aNEPq	~bǃcz]#E`zUMsE/c\0\"Nf͗UN[Id]\0+VH۸UVy&Z.N*-Aÿ(\r4o8q\nO幺3̶DɘAI.][-x\nvqOX$nFE @0s␻S?pʽoزpGAas`p\0h`Wp*O>x˷\0<\0q=QVRM:4n~yQy{\0-&Ү\"EW<\0yÝʕ?{8M?>ӫf%©\0 p\\8\"Zr\ZBO\0\0lHJk| a3Tfyƥx̔İ`dTq$vSrHR|}#y]YޓS:a%El򆲒{Q#ԻC\"SbX6!t&]-dR9pH?\rr̛a7@\0$\'oIUO\ZI#D@#bټTwrqpj!kw}rl`9bwn+DċXK!++4^aKJfsPǁϹ\'v>|!z^ ajf٫N[f[s˵q#lwaTH\ZXA=Ÿo}o:9V~U\0p?tiMrrjf) :yE\"8u>5EGS#S=Y=\0ps,8*\n=/$l}Z݁O5soyeS,gX\0?\\Y\r\0o[?C]˴SKJnyo[=yhêqD3JNۆ۹b_鷂\rE_%uboCk0R1=yA/?ސDe1̳I,pnJη67e߳q|R>M\'Yu^[ |%U,ZAbi#@mkb \"*\0RSƵ$P ^@\0q$	,As%̌.>nۛ\0\\-`FL5F8N	\n.M\nd8!z@/gVRm2sp.pJ?\0yiLPuoYU1\r+SӴr1b,T#]nNYwF+d@׸4TnPGwKx\".fb\0\nh:hvjꝔVӥ8Z 7C16bgjXL\'0Sbm.%\"07pH. ,CrB>x43p w0eT։qRŽbӡTU\r!dy*fԸCx?\0v~Y*OD?>?6KY8	QHONooی;Kt\rs} ;Gn[12l\rsVD\"t>lv0Ob\0PPVHcr8k9յ	\r]4p\nk^fzS3,(Ȫ&dFT~Mͻ÷A^,#SR~e^eT3cb0\r͍<^<h5Gi_\\\07Q}7k׷H\Z3SI\n$\'9mdF5]$\0#)!$/:M5URTYWS-)e\Z(>e \0G rm8Z33.4z~ZMQI-UL?O>KY_inN5b(l|ڏ59Toam%I~lXXX{ӭYZ Ek9F*uA;l*\'t`\07VFp=tF]?GQ}\\4Q汚aV,pe(hSav^˒MY겘J?\"Fwu۟H؜r/=\"\"\nw}.28Eb\n׿IRҩp{y[on\"©Qm忾	jK2Hpobɦc	nMi>\"{F\n@-mxvnsFQ6n)ny\'4鏁k4$jOKSJ4,FX	\\1RGԱvܳ_rN:đCG]Q2E\n2\Z#\0Ω4IAkv^,K}e\ZeNhg		\n&r{wq?JY|@hcv#CU0l*Lɱ,;q\'76\0g/(f=|ъiOZW] \\389\Z$e\'ZvKCO:IrȣS̝U?@#(:{њJq<	ucYxor\"0˦+ZsjַL{\0l#t&Y1˛*c	܇Hl; \0ctV>\r3<CG-QZ롩v~nCF-,׵~燌H	fq>rjMG▌ʔ7]mn,;ce~Z[FQj\Z$\'&SFUF\0LQU:MA<FH *DllUbFZY[ͪE^.8ؐwzPөY^YI6*.YYX,x@r}r7ViVLs*Be( \"P6kG<YMUOԒpG,1pD@m~\nB,exN%w7@!@/JnE]/+c1+Jp\rk؛A\"b	*#*_A[#;ٰr:hde8?0U?YcGR\0DMR*$@Xbt,B)\0o0\0L\'Nл콅\"|$r鳉c\n3Rn`>~#Tz\'\06GT	{c)Y<D_iV`,c=hwm3GyeZP@[ \0;[m\0U{a*Rܷ 5U̳4dY\09)ãK^\0Ȣbb`\'J$X5,G\\4չ{˙S,*ns3OfSW׺ʌ&@=`(\\twV.TOCuI\0wFQ\"dmITߑuƒDtN%tveux,TyaXv8i3\"Hjt;fRyD6<Hkb,q`SUK|a\\	,2m7+\"?~,?|Bhޗ7eTSyaPN\"Pc`u\'kI.`tBi\0Ztd[9qSK>\04$!R}2P=ȡ~	l^ɦc1\r/v?LVIv60;H/l_CXXXebmDeR\0 vŅc^$sjq5W1s()%bip6\0K6|QSբ~!j&\n؁bEn1/W\Z<޾\n\0mq؀q\\$T(erqq͗biY6k\0^=r b{X`*o}0SAG	$1Y5yp\\4\0K734*\0Yrym@L%\"y$UUb0 U8){7ECjP;NZI`3+OU4FJ3)Z;K##UXTOVy]UD=3R#Tuߥ\'$k_)֜3VYQQ}#v8A#\\EiD?ĳ	34aV\0\n{|ʞ>`X+	JwӶw7cT\Zo;*jcHD[%m\07@8s,٘;yD\\\r<<c*(n-nr>\0Zl@Q2IhTou31!_\"v޶`;bođF-Q_zh)d/k\"yfgPIUh%jo(Gp0͏RZ|Z@YKZ\0[hud,V9+Yx*9ˡ\Zơɣ]k8彋h&y#D[52H#[ܓ~xDY;QJ*29ofSϹ܅eVCecaI\0\"v	Hpq${#$coI񂗲`&I#h⺝2#b.@?dZ;Tes4U$LȨA\'z{~v~S:3>{=tԡ=eAFmxfGacaL=rbHcfI$u죒6b!4ڼ Igp,mʱ͈ŷÿL$Pɲ*I%*sh)( ;#wݶX>?)t7Kr-:X,M267<^2]de \0m\";`-nH7\nlw\r۽\0R!,Il~BQ6}Cz/+f7^1}n%ۨ$v{~FR	9\\N=!@}Cp	}~]@~Iꮋ5-$YW5+\Z@GI<q}~t0_WKO=^C^H9vzTA\0|wsp__ѣ32]eP(\0O|W?\Z:rUM,\Z<)U;M>`;VR}g!{&@8P@\08=r-lǷ5r@Uŉ2+fE<	r7h\rOAUV};X\0|Z@A[\0U\"^ZilQsE9ނ9e\"IHr̯8YDmޔGhiwp -.Ot]ri{Fz)uA$\00>G#&.~#|yt!ԚzC=U|	GRVPEYH\'ݏ\nCE{1so|r4\ZZxAb-b6c	ryQJv/`:б[\0l|RG\"JҶ>JYC6뀧I\ZEG,{^bڬĞ}\"G;Y׏`E\r\"\n7tR!%pOQp}p1&(R>?-l*dŀp8Ch[=:3m;QB}n\r\'m,s!U<k-*^*Ev71~N1C2l&\"q\"bq1&\\Y05yl\0GbΡ;$[}\nV3P,},߾ٓ]|b,\0ð,#:2݊#n$-r[]	j*\ZzQFTAw\nc~;b/݉ja4GU~*nOlVK&֔oY]MKK4$\0+`*2:%iP\0t=/2)WAExXY(lm؉5R Is3\"bվH>$n\rY;\n:JI+m8#mߟ{lz\Z}s^dTA	疢zZ˪$.[s=7Z:*,Iox[w/;SOf	%40%E۶	nDLBǓ.e*y\'TO4dq#ņ@nn%%s?|\0\ZwÉ8&Uakonw;l-*Bp\0f4UQI.QBO\0xY~YZ\nQIAK=M%-EnX\"t[ar4\rsdշ*=D70;w&z?F:C4)==dko Y>wq\'Cь<Pj*jzF	?KF)pkW/]|2Ld`$}o|sae3zn}WP%0uq\')Gq)t{8}@\r [q|;.~!hhL;/qfkω\'MKͭj\ZvGRʪОA#	Ő_Pպh<̫%E]DԳl~6U_0wn\rȜrZz-O4~aCxd3ʩfkEoCaI_WP|nVd^͹?N\\˦$0ue`܀e}?SGsRR[\\`?<ov*ʅ<T	JL0.FM,,in94]:{Ӭ<56\\-ҹETXNڪ9$\retς^j|\0urKMAKJ$W#\r!\0@bQc4BzAr}k^匁h\"H}wkn?;{[uJ\Z2m\0\r]SK\\H\Z6഻~0II&#۹/X	`Y<\0AXo1pn,q7RF[#H[\0F\0h襔0sUGRZBDsulj\nŌtk#Fc&4h\0,9n?Y2m&s0h,y;qkG@K@àX\'H*N{%nAr|k؋<gJ<׬c0g_zS~d,&]Nji*\r+*=LKqauaPBIНq徽\rBreI_2-qc_>\'g6kHie{4dU?EyoQzmNyt]=QQC3Xw\n	p1o+{f|CAVUOTfuR9p]U49WtO+3ܞ,Q/ab715L11du3Dݲ&Ų~1:ԁG]3fy]qIm\0tgr/_v$\\%әLQJOdf=tZ؀ȕ(+:9{?=vEFۂǸQ\0IWQgUASA~`x:[df:?Mn9:Pِ(QZ+]\Z ?MaHB8i)6\0M:~94|96պ[4l{#4cYz/Ά6UW|{SÆۻk//G|{`hb:vqWA\0n`ڱ8 k_]̓D\niv\'i7*\0*o/Ùoܞ`8\"_83G<pp\"Y~Ga`b_\0.>3}+뿋M?2X\Zj}7xPⲢF;tI]ҿ+_S_8鮗x7Ycl]\r)ɠMtj<]P*Pf^_iI9XX=r8YjjsYI)nGݯDO1&Gy-_+Dֿ?nf\Z{c)M#ζ}W%\\<q!#~c;\Z~eT4IN<7Q1*LLH\"?PGȽ\Zt~<~=<ѽ9wtHrl1o\"L#\r\\[OC?ɺM\'>Ma\r&K!ҺxO]*d%F*)-y9爜\Z|%z(?[.I.ffR4UyMJ~`XG*vG<htVi܎=Y\06_t?aʧ+ @\"vI3Hs]o⣩-@%mk<L?@r>k^Tl߇*@&2LG$CYùF\n~3݉>43jg躏,;UQ0\"Me /(\\IQw ۏ\rEi롡\ZBTqlHjYsqoL\\vq7~-iUc7~JLQIX\0{iԪXLZ\\q툹ڕKSa\0Eű,^=o{۶\0u0Y8)Rc$؃o\\b\'\0\'p\rٔ5}EH?\'*\"@\0hEs\0	@O-Tuԑ&%܋LFLf-H(+ěu\Z+A=53%$qUݶqO8#z\'m90Iirj;a|Rݭi_<{B͋Q~)J+2INimE^Kd45Hf0\"Ӝ%҈.#rZi,.@l)wEsrؐ|WfBe6xarAJ=+5Uʡo\Z\nXq#f7m\0j#{ߌEu_OhZ\"|d\nI]}cЪ|3i6jzHh\'QDq7?lgneۣD+ӰeP/[F\Ze{[A.ȥ/UNbuS^ڿXiaHºܷ(P2\"V*Im\\Ta&ŭ8\'ǌ\n3$.@qoōj QFS\n*\nGYW4\0{fL͢\0Tl5AGHZ˻i$/,dNSҷPm^HG^Zٛ?M)VKTѹM\\\"	\n݁{и}gRԫ&\0X3ˡ*VfQeհTH|Pg<bK1tDFFj7X\ZH6o@e:^8{J@Zݾ*=9hBG\'~X){=%xRNc\0\'\'\0np$XۋsRU8<\\\\,:y*B>mniW<۵߾\n^͌nA{2>eb\0=Bz@ũUTl(S3o_lгTt-Yj#* po,[@>ܒ~5\"2SXCT=Chc<9c0\Z:V_Q\r5$[bZGw[mUyM{o`첏U\0\0V(O_SrMijZ1jnekõ!c/;~p{o(\nI 	PlA0̩kMX&5e3C4K\0]ݍf#g)#USۿ s٠MTg.\':9ZrJu=v25(WU\0euc z6f&e6?c<{K.fygR$9s$w6c7Co4es>E&af\\iG(\'?TdO].&]38YՍŃzl> յuBu\0Q\nRU7 pl3)fRm~B@2O.dS\ntew*\"J^.{{_Pf1bAv+e5oa5]/zaل̓o;TZ\00W,ee\Zk-UEf_\"fY&*\0&>cFǟ2V?\0\Z$RrKO#=ٍIq`0.0%DQ؁\"r>|$)Dc\Z}<	2zTgg`8䩢qw;XzUg@c8-.IixFī0^M\r%xob,SH5wm\0\0+mc\Zec\'@.M՟:.˘}GGnv@*\0\0drN<r\0\"<AK*r8{}cA\ZogNf,Y:X[$kGS-|[tw~uVjzJCCۛ{x>.~-WNǖ@W{\\ۅ\0Xe\'+<0nx40=Jh3ȐW<тu2\"$||wo]Lb@z~~ؠK|K#o.9KXP\r#^J1~V\0,ƴp%fhR{|8}SKBщ1Ű\n^dk8:c)zh\0e0,JIl\rQu^h8lm̛Ĳ\0A{\0B!X_{>\0Wy<f=U+æQ<-);n/\0\0xsY<׽/r>Q2Yc\nͰu\"@\r`n[q`ͪ# ~c06s5A1$8\0?ǒ6߂.n>x,A=wJGc=Dd\0.q6@A\'hn%1JdoaoaN[M?go,zbJ*pYUAh7q2aMkj^gTdzj	Ā>\\C}V0\\ꈻƦMuZ.gӖC{ax6:<!ӏIA \\[+S6[>uF\Z0ՓWÞf*M)o9~5PmxkrZ}Ӳ1܋ye	GM!46ѹ~[KOG\0%QGܒO̒IIBqA2C\0*$? y|g!pxUEP\0=ycHď\05Y֧riZLq78\03lשYԲIkjGL>J{v3*L֩rH\'\0vjaWeR?.~\0bnc~~FztF)a\0jӶ֗znX=F=QG-^R7/qUk$}[klTT(0\0W!̪A\0\0\Z-*iJ7IXv\nT^\n\'T_x{\nUfQ`GaDNհ w#\n2OmѩzO$QK\0,_eI)n~o7\\[Q\Z\'0sG<3p_卄t.r-ʌWnۘ~-8r\ri\0-;yv*\nՈi:v1ǖbo\'I+U:hj\r]9eYS(h*!2{GwAY\0rȼ^0B̀qQ02^-)5jؒ ҝq0\r-Sx5϶Ukca\r<mn	&ض(RcDi/\0~[V<L!s\0j9edmsC59\"%(ffsāL`݈?l`A+l\0-(QaQY=GK]?+b\ni5TK\Zy^\r\0bplpmAG,[ͅRFcVܻXqiE;|qZ\\`3j\Z\n[UY_M-Gx*ԔY5=(5tKIL\0[ܪN+&sca֚K?˲z\rg[Zd3-`\";<>xɪyfv]Pf\nqL?v*Vr\0\\Iୋ<[o\'*U\r\Z|PxUՊ\nա:\0Xճsk~qO޲\rχ\';Û]dy\\haV̒JOT1o>;-Dל#5{*UN%,OSabnR28#[)W[b2-c`3(՚Me6\0lgQjTF{}5RMfRUD։W\0\Zn	R8hs\rnPd|U/Mоft5}(\\IS]M%2>CmKQLӘ,ȭm||oK3Mѱ3VG{U;-IS\0Ʀ*fr|XJ+0[mp0\0\n{	\rTq|\0K0V%5̺?(\rqVlʞ+$mn&d池Z{_\0҅Ck{H_9|19sU~V/+Yy|ŕ6\0\\F^R˫%R%LK,neĈEw<UkI:15ym;݇=\'A΂k}g*hD`,?Uqq:AMW>jZTGRv[-B].=Q{;UMC+?0TY?%rQӼږ{\0 #k3LHCMn.}\0Ue`k1X[\0\'>)CFHv)Q|O5vͿLLjG&Vsx#\'T9N5m.(zv=~J7>\'kҞ},G-ev+*mLߩӰ@0F*\0Ԙ+.ķ+YuPUjj 3q\0_<3sqZ>\nj?}7Z5i}#*Pj|0V%\0UL@$ZQ>r}*]+3oۇWc=CmrM~Z@Ȍ@OEcR.ޑ\0G(b6\r@z-\rQRZiʞ\rPYUU4F#s|]:\0Sf%,c@fS[ݦd&zbح5\\Ugbq^tv*\\P͸V`}!r:|F;M4L^\\dYrhu3$pG\rBuO27F,G*}rgfZgOH=@bt\n>2}ҍF%2r(|T/h7E)\\`?f[/On,8{lMKS 6oO逇gP=g,L[l)@>ݾK|w>$9DUE$.yy\0o(UEtIѰͪb1+k\01_劦J{ME؛87Sz|c-;6^EYLѶQK){\n;㯊Yұt)oSrC,W骈\\3ɬezjW+Q>c}̇u91Ͳ/y<8_}x\"+Lt*L:#]$rҚQy$GaiCBZ6K>>N?\\L,/ln7i+\00\0(#OnMձm2nk5:UE֕2@C;{X\0L5BՕQWQ\ZƗ_:UCa;qa4cd9I$e&`cci]Qvzo١dR2֭M!) 6>2j\'4,ȋ$Z;ٽ>GLe˫@WHa em]QB}ޞ1+׌Wۋ{`\rQ̮#.=#{`q9L(e;;oӌV6s	i\"mN!j8ۈScKʲZ퇐HӽqV\rV\rAIG4\\^9h\0N\'QU~kz%uneEd<tdpC+\nƼg|mdF$+rY`y?AGaSOf|zޥ+X[nAլIZ\Z6Cbg	#|Y*\0U5y_żSgOuo#;)\'Xϳ/j6(YD\Z;OT_r)A\0wuɵS љRk)\0Avv\07v?SbE\'%N6_:JgG]ld7RHLy^%8׏8zvw&GW%$ܓ>vc):fIJ~m<vLk\r^aZ94GSs/\07WO_	\0vRI7/ާeݳ%˧]3&wsX̡i>]RC*KT#I8Ȟn;8>/+n[,\0Z\0~G̟+N=Kz;Bߍɴ~y4)5,r2(fl37|M2 KȰM2XzeX{T;^?r4NYbU4فỲieumb7v䳍WSf:M>墓4qSez㒪yZ\'Jٜ[l~rTH(9,%Sϧ˺}efS*W\"AW$K-\\[J\'$ybnW@H:klQNiCܲ<|Jk;/2PٛQr\ZlϪEk2My>a\0siijc5Hk/h\\\\[Dj\\iәyN<RC{\0|VٱGSP}}DrF޸؏}h</Vcknq9A qYTKuz\0S	\0|V4mBBH=3H˸Hg?1.u\0Cڏ))Zj)1yd$PH;q*oK>3}aT=ESWFRVr3(,UJ܀n.{[-؜O4>i2D0Hێ,-qKMǯ,?N+&d?]B[V&+ĕDtjZm1M\'GF<e\0cbxZ4y6sŋLL~^Y__@YeCFƱDR7G\0`;db%Ƚ͹$O	QbI2|EO^uR.S	*BC}&ƈ9faϤ[CT~!>%s~2sMi/GFJŽEq\0Gf1]+,~rVGW^JAg\ZzsuvԹf	j\"uPD\ZL,b!H0~u|/96wWުѹ\ZQU-)pk\r\nOO[Pj;USrHż~c?x/_\Z\0G˓ǭSIz;zWprֻ7y\rVIE.]<=2/Yc/C m4f+w:Wy][MtYLtTUN/5X_rB\\H@2\n1KzOC1{5EVA3ꜹjr\Z(\\; f]\'hM^׹Ӵ];[&zWҳBw_w-s\0\0@~?Աw*4VPy5fAQ1>AH,rABM7AlĦet4;\0ǥ4t~TSS3		oH.7p\\ECK\nSċ4P#HUQE\0ö2EǏ|t\0Xu\0q~dBH	aq`UvDI+Y٤{/82A^pz?I\"Á,Y$Gi_fHʿTԊxJ#8a\"n\nX^xeMEUYuz1\\%Fgԙdo/(\n=:OA:h)\0Cnv??+#)YZ\0C;]MU23dF{az\Z5[%5&O:y1WSL\0!`../%j;-1Й\"SDUP^#c2nlB~~x/?~oO#Io8;<\'ɨ|:=GULVeS,78$ZOJ5fs_wjtÒI{JCYfu\rUEOG9s+Sh	hg2ll$b[<^2\'OY=.[K-6u,qP!V{`점\0b5O5/2^6o>g$J݉ ٜn qO䏯}i:QQuG=JiJKyG练}r\"㱶\",FXu6okf˳HziUr.Q&$LNδ_T\nI_C\\e<ܓ`\0$`\'a^\nچ֢$B\'_a^J1@(ǧrEDg-K3v[s~','2018-11-09 15:43:11'),(2,'4.jpg','111',46400,'tom','\0JFIF\0\0H\0H\0\0\0;CREATOR: gd-jpeg v1.0 (using IJG JPEG v80), quality = 85\n\0C\0			\n\n\n\n\n\n	\n\n\n\0C\n\n\n\n\n\n\n\n\n\n\n\n\n\n\n\n\n\n\n\n\n\n\n\n\n\n\n\n\n\n\n\n\n\n\n\n\n\n\n\n\n\n\n\n\n\n\n\n\n\n\n\0b\0\0\0\0\0\0\0\0\0\0\0\0\0\0\0	\n\0\0G\0\0!1A\"Q	aq2#B\nRb$3rC%Ss&\'\0\0\0\0\0\0\0\0\0\0\0	\0<\0\0\0!1AQ\"2aq#3BRCb$Sr\0\0\0?\0+ԙDcbxjUy*m2ޫl\'q.aʓvՀ^iV`4Rf\rՄXi@{`ĖYPITq/\n3GN8Ni`eKMeG&C6,\0 AfPi||?Znرknåj/{989e<_r0+̲x2$}e8j\'YQk)&\"%68RF\"R?:N!y	ڴR_[ B<-quL\\Vb\nvx%p\\VvX:7\'ֲ*j󘳪+*78`Crd}+-͙V`{4qv٪COQl	b1Zpڡ2TO;\\n&Ƒ\r3\"Λ,0 Tzx^}*xFm˶«td^2{t)jĎ/}8t8IdezK\re>$^i4f95OfTrR\n\0ƭTm2\n=B\0&a%LlWF}KiM~WJzIdZ}1ǡ*>jT|\r)tFyJ M\ZٍTPɯO񐖼C+2e5nZT56Pt8ۂ&\Zrzia($)(\ri=UP$T8/B\"rKq*K^CϴP Գ ̶s:R\0lrI22\'i(v:v-sEsGFur a82N1ܷ7LhXr-{C`q`OILwKq7/ XwԽ`Ha%?A5_NeɃ=!TvJ9ѐ 7nNbcH[Em:G`-8V\0o/~y݁[`q%AR\\w:J\05UT]ɓ!=td8{qի}$ry&K9rN[&.AI.o`1U3n-h\\Vޱ<Z{a_X<>\Z5Uԥ#}\Z[Q)B91PX<8}qޣ\"927=.RvqU`!c+(FF[D\Zy^Cm!*cѤ|%hLaڑs\\:ըQVj\r3.v0)$N֩<!7Mb@b\rZPy(R\nRR8{e&>+uBnTS\"J*\rF\0La]ͧ0ăeWBinFrn{ }E!Kygs돝UV_h8e:$bI*\0HB\0X+F,MN |י\\KkpCwA,Ot\"cyB{	5*kmxprEHR!s=k5Jbٖ@lhܨ6ˎ;Hnh\"N%j0:Ir3hw\"EԂA=Xp\nuȕjbGGEYeuYBc\'Oo?hn)Bð÷jPFeT=OQP\n,YLDgIlt\ZzX ŕreaPYH[\'o[u\Z7}\nmi	3cIg1sYRd*tDKJxJ8={\Z¢@r[܏bQ=~`v8cU[O2˗&\ZBsa|-R7?COo`c\'hCX,PiyFHPI)sl*9FI^gT^[/Y+#،.caSea2!IJ]9̷fĊW2*E92#p,|Rdg6%q<2L3\ZC4V$~WȖ@̔FyN]Uiqo{`W\'8)Z.mBb/|\Z38Fe7sfL2oqXCݎr11H	-d9(A<fDRi+;/vq\Z,QǝHܐmpm*<M^g\rToeʨ\n]Cl`cO\Znvr9-v\0%t2DER>Cc\\dv	cRR\0\n?+^qp3̓BoS!<9\Z^Hݙu~9٧OZKzn7Lz0g	Oc_(r ,}񫡡Kt-=-S>cCKc?QK=9Ns:%B8ʵ-\05q\'k~ve~WC}vdOZ#z5BC+ v\'^Vs U\"PUϰ]:x\'RD麓K.Hd\0{[k+%#dS\ni¤MTv^L\\K,E	GАHRz[\n Pi}1fč9!9YCbR{Ewl$d禡A6!Y/\nO\0b3F==LńI\'q,\0\"eUe$z~M|x!9g%AN$[h=8v<*}ʒ7\nb=iy#dӪ:xʖUy#	dY1Rjr&pI6TCXVLBd*unGSUȸiW0ԐW\\s4\"^2児VB0pI~ߗHsۖcAA<><~*Ƨ5	\n#~|AciI^v4Y*uBEt12HfHh&{ñ?)ЙetKD4%NK;z*a Zʕ%ot?J	`1Hre\Z%HX`)7!|iF12_Q`\Z)jkj0gz,@#RaEcSRUz}-\"	zn\'2\nYDa-e\0n%DF;\08bFNSI \'P<N%$X<B[)pPٍu*e<`Rt:fl#ZZ73/3ĭ3! };/\"+L\"	5[*\n9;ũ!gEj!jy&ZYYڂ=44Ue\Z}156\\ڗ@6NoNm̋XKf&Kgln~i@Ex\ri#U|c0e|EAdF)q\'vڞǙO7R\n}&jivG1dVPo<`״	Ov3*ۭVFf\n=<{uQm&_K#渲kP>h7bj:b\Z紐d&$XRuIJ۪aFS5yêw\'uo|a$Q<GgyY>uƫXS\0~\09\0̪V)UJmMO8z%_}0:9lB.z-|!gV6ʊM1SKWjo8v;oӄ`s7҅e&I4zCIڳǋaN k5cJVE.6@Kh(|Sٺɿ\r=a?R(T̳JT|xn1ԭĽ;(ASؔi%*BMќڠpak=6Sqh@Sڱ)u~~ͷ)*uXq%V{hVP\n\0W2GT]V~PHs^DUZ<Wnu$W#\'Mո, -\09\n\\8	qU žGxNjҹj\rtcWG]YX?Ĳf̓/j1T2}\rNǑ4*4g[{pqI=A>2=Y5͕a䇣6R	hҩ%q};	ͬFULVI\n\0uj\n7[dfSSjH_qל+V<2#fDƌY! ~eA&(˖flWM{	*{ΏVG2A=M+g]LӶG$\nuk);t;U\r\ryL)\0嶢\0ͱT؝%9:\"n씩`hiTeZe9AFHW;AusFlxd_$noA)f9iO*>Soߌjxx&exZψEf[+\r6?|\rfHg\'31$qo2\nc~\'<qŗZԤ>oc!b{Вu|Axyel:LN[q\0R;Ogfe8lzzY9QPq -t+9\"r:y4Dh@aHlܞݎ\r}zF53?&MڝNLЩfϭ!5[>\0`Ӯ7ѵխ`&{s:s=*}_f5m30驧uyăhNQz]vl%	/qRkj\"\"JS)F2JKzz8\0D]Wsn|:C?C.^Q4-!R\ZRH	RM6VU&McҼmxYr@TlU4AO%;yM`g8Ok`@xYXL^dfRG𕺋(ժ~FѭǨ_O~\ZuyԩJxmDu\r8лxKGKr25V DWj,OMVYnQJ,Zo߀o=+i`DΫDnۖ}Y&;̠$$XbUW-TsuYU.n~Z\rFI)̆xRYtT4{|2:UfEYY]@rMBAR\n=q,Ȗ;q,rjm.PO4Κ&y~&ZtxpĬ:ڐI(\0y*WS_K+peI՚]Up*\'1vOhۘ5\Z7splqTbU_,F:0D41	?ݎ1ӾbT:+6Ʉ	8+(\n\"N\'fLuHyMQg3R,ϩf;%	A?Rm56fCYa%x>pc0|ږ|6{\'ĝ:S7fZѣiIeؓ[g izնYeOLt8%c&Z@*d4zPb}\0,/FO;zD(%Qr4zJ0sE|_\'16i֝:/)!;W/,`ØGy§B=\nIHli5׺-]hp0SUMJ	OAp4P1Ⲧ%2lkXb}\rW~\"42ʴs/OMΆ$*Ir+;!MR@BH1kXQJ7ga\0]X]Ws~A&g8Г%u+(U\nHPZmdé\rgF_PZI{\0Tr_6CjnP:H6\0vUaf\0I\n!\0SECȮg\\ѬWY6cvd|iTԁfzY(d.u&Cm[kiB\"/(={^_o!$M%~hNdJvUcRX]KTH6=>!5K%O讫359]E{[y#\0-V=wa(B{m>uڇᯠ?e\ZRj\"ORԆWnZ_mpPI6\'=GU 1[Ҵ~zBÍc uӓH\"+8P8WVp9wVwP_?$\rYApuƮFՙ\ZNx(~b_=zc\0&kS\\6T,Zk%WpYj=E%3q%Vb\n1b9ٟ¤iAu*o0z\'~F5J4S[J|/ԭJ&Pg\Zׇn)u%{nTV8}5ex՚zk!$؋#J&J:)T2L]SuuÉ߈@h91nRl]XV+O&92Q4&뎗KQ&>\\nĪ&Cj!Ks-=5uvV{D٫AZV{ydBM\r%		 >	?Qf>gLpQi儕\'LSh9*Z%vC+WW\0\r!0rW@\0/t6\\R6OO~Vpak{9^MqrlVd}KyOˠpKt*Uub*V22HlnR8L@яxZ,m\n6ILW<BN-$r\0\01;d7a4jt͗S	/<$%C2RSwP\'c#РҀb5FcFU:^abH_!\"A,Im\0]JT\0pl׻>*?J6[Sb{exnG@uI$G)\0ؔ\\ڕ9e;T\"-a:`PabJi^L\rymʖXl 4zu/U*I)$<Rqa#QS/_2o<qhYkIP\nvZS@Q?oIu&n@uM5mAotzZXqkov=ӐqjnGm+iu##eYQbHbc٩Ո~J%ViMpp\nED,\ZAbNG 4sTk%JT`Yhbҕ]9\"*ǒktC=~eeXgB$-;UhP8\0)\\(_llckIqڽЃ޲V;@9WQ1Ӳdbei)B}0mW1}*D^\\;hjg2RF6\".7{`K9\0UDTf*s3Qe{+Lkw&!w-RJyP.@:<\n^KLfG\\5&\"Mz ud\'r,9ڔ^aU[A*_JTI|\"|\n51eBJJvY@Ⱦ\ntF3L01nH\\,zks\no\\wiT`6=Qi<{`\r_K.uKwU@{~X-]6^66giHe5\0⧦XNg鈾a, a3;G~Ry<񋮶6F<	L֙cj)\n[AV\rJ!e~Z(lH^VזCeJyԴ!u*RBm\'զjj{,|uyʩ}Ԑ\'y`qos+I&ؠqtԠԀBВ]lDFzᄭP\\+G1Is]YhڛQ~Ǡ=L0&xxL\\yu6\"SaaHcmk7ymߐn0(Ñ\ZC8S*iQPmU͂/ObH=͸\\f.XY[	?,8)pņ{[PQ/&sNrvaC!78=űXܧ3Tˣ-0n)8!`7b\"JJGjKg\n5yOPԪ\ZhnosdrHBBu\0dAM&\r?JrjH.UpqLd]J{ޓtAwKJS6fik*7Pe4E\nO$w\0[P)7/}IaKENtq2P$8ÂBT(vP={OJ387z1LC;chj# L&If>/[<u5x+Jyac}\'\"sbY&-n1<sY[4wTRlI1xv1Tv3q5})\'\r+HByc8ċbx<Y\'<χ[$dAKR%A=p@Hޙd~\n$GUE\0(^O{S.^F+{ʹ+RkYP=veQ+/$)op-8i}:?[RW6鏟fظ_pW%3g3˫e\'ͰOg!Ge[?\nR {llHG$\0xv.}2Am>qq\0tRʒw{;<z|+jO0\0\0WpmߧJ^mEز4rz1\rcM>\0$RFb!mu#$닒\0U>mS0\"<\'[ګw5\ZKɞ*b&JmGU&~9=OZR)-\'G&3-ou<5kMs,k:bt5#9 tC\nJlAYn[`YO.szD5\Z4ѱ._ҥ[r:l<!YӚ0-NWfilSy5XYb@)<\"H+v̫\0bً%u;/i+4>f2b.E«Yhcxn9	Fj*b-Z%!)Â\0,ohFDSE()T\n<mbۉͶ<ǿޝʃU[wK^ҭ&0ς+gzIG@S\ZW=@Qe6/|JySBe%AߦըY#V=;Y\0_:.c)i$~<e4̧jNE챏c\ZobXOL66/h-7#\rO=xŃ),K2JdW0\'%RMT$UK.(-~酞owz9#`F|GKXrqƥN93Yl\ZPp܁Fe\rBR[s\"y\"F3\Z9%g\n?D\0&e~O[:jG9\'6Tڷ6RzO:XϜ۵Ezpi5\0؅t0HJo};MT՝HaʪV:l`= V@wr|ٞµ~ow\0q=e;5vXqUN0YΧq<=[[mH:\Z9tL3)J#\'=#<ʒ	`[ġwNIit~{[9:iQ`uq7ufZSIVۄ(w\00<oHiEFe0Q3/TwGS\0C\0AX\n\0\'\ZjN񘶣N,S]&\raF^bEVM&FAQS\Z@U[o,nL7{irbPW>L7*XLd6nHSjOHWEyN*7Xc5eOq	-\r%P9<\n?o>?Uе7Z ^r.<vGU\ZsLU\'y F8S4@[+.󐺜9EߘLIo)B8S#^se1\"x\\Bȿ#K\07]qf0$Mq\0JÎp\"Fe\" Tyfֿ[gs$Α)\r\0b$dHp;d.z#a=)y1FJ_OV\'o\'8IJБ&\"xۺQ^.<\r/\\Ş\'KC(eɯ.\\Prmk)~UjhQT10>WeS$<#ir%/EK_*(\\9O^k[]^_T%D_`hL71+7A)i7~?7TJ}wg=j{\rfK`ۛ}\0zQk_`3NL:V\Z2Dp\rkc>lh+R	*X8\0R}!b+u[[E[%S-b	C{Y]@kAIL	JRSʑc~>b\0E^UᣭqS\ZS4y[\0Py&DjP<˥9ΏQr%1*%|-TjM]ASn6:!C6\"ŵ|A%z9i^T&%?݊ĹJPZQ.K!De=@Fn}i^k͋=%(D6v}9<\0^fnNH/#-|lu;m[</>S٭_K	&.HMnQp\0y8$zV{K)Ej:2h2P\0Dyc)8=gQzzA_=Lv4]k JN\ZM2db+d\r:y=	<ԞlOntNǙ\"2+\r(,})_J(?.17:=S\rn++*5l6[$\"kL5Am츴#s笲hȝAmǿy4l:]^\0Rʈ\0oI\rpTH2iɩ<!ŭI}~׶$d*i`hQ^--,\'OB&GҭڀM`Hd(d㭅̵/\\Z}\'hu>d$Xt|EJ$(ݰP{a\r`dE`ݸ)Rl*\\Gy\0;l/%EtԊFTA]ޫn\0B_O\":e*5zĄFڿ@[/j;k>FbtECz<ȆΒn\r͈${u:ʯ&V>yu/fijT\n\'pJVCTrifvNww(3TS<DTurGI{MzS35uFڂp}=9r?!jp3R$vP:adN@pg)J-%H\0Ot=)Q̬ISm`G1GauGe)AMi^AR֑Q\\8`˞p]{p\"c\0C$`N3\n\Z;G\ZWlDԼ1̈́,%K+1etZ\0\n\ru<Qd]I\"!WO%Dpsb1[\Z:t>^:(z=̇w8	;Kaeh|$z%-o.,;c\'P\n}>S\"sKm?\0_6(2Crdn-S<׆.6>>tlK9&<ٟ#@q݉NyPoZb{;qZtj$xl qkpAT	KU8Ĝ\"1tf- OcD-vQ,C\r涀#9Lơԃ-E,\0_\\0\'Y}u-:@ekõC;ʅS<1*ZIbgKj%F|8e9jt\nzB[{pR*Z#_j*c5\ZJM+}7GQ%Kij^\\d.l\ZDܩZЕHܟ{vf8OiQ\Zя]8ѧ--ȧ:ìAnnmV)*6Eh9ʙUIm?]pM*Qiƞ)UR}+)uA엒zlmDU4Ns$-0Mm/G!@8D(1Ux>5w\\pe*$8=7o}|wqZ@~h\'Lr:sex޶[Y>jTN$Px==FqKIBt G#5#\nA|4,\0A`9#ckt\rdc<Hv-R?ګzMp<$͍;lk^Ka0J\r_fj\\##90#vຆW-4ہ|5k\Zc̾2W	\0̌[Y]t=234(\0.ǖ㪔\\Q\'ڶVO}GZ>g%2*гˋW~\06tc#S[xT<l\r+i~G\rLu\0qP\\$(MmL`YGO=fs%<q#)\'b͑=6@	*	l=	E\rsEb5?\'^[9KGdAdlt\nZtÁ3;0ZLaFAG2R()[\0fEOJ9G\\\Z5Mf3nH?6;BcOs32K*H\0qZ&%}[3\':DW41O*VQdȀک[x=@,DӬr>MTېIK	\n6VRks.{\Z]>ΦR#h:~uIj)D)pJEO\'J\nVu\nB_M\"70y<^P*Hf\r-%eu~cōM-ڇBl9?9Hf7N3K9UQ䧖9BRo\'RH\0Yv]N]wLI@uHw֠\027q|;KsB>F*j8y>㔬+xf_.m>82EB4u*߅@،mf\r:1l*k~RQ>뀜bX3݂mB6p1xOc6VIKgVZD]:S征b?pIY]=`DdP2DwԐuŀ9#\"sWFY* u(}dNs)/(em1Ys3,\Z{GS<v#p?LE)*9<VEjWh.*͡ Q`/kx񑨺\\#xiPMTw*)ou2Ï\0TzXcWZywUgb*x_ʆЛX}|k\\Ϭ|22BjF{[N\0>[_)H[°\06!3Qw^OfPhW%֣\'!\'dA4hOW*zͰMץܜiris*9˚$3\n%}R9Q&ޣwi4:scA?Ŧ;-v(&-VCik-}9ž<9KXD5fV\\/;C]j-k؃tqKs:>\Z2ӊmEj vSt[Ùh\ZM\ZҐJHƿO~ki};u)yAu(E[ZO~Px_Ul8}Xg_t<H/¡sUm,d+hǗ\n;W@RghRW6\\RfVMEߩJi\Z,}+UyBNOSjobZ%o4ɎRۢnCk( <|.:\\t@JJR7P\'ڡ85]e	J\\\0{cnNgz,6OH	hP\"sBAK`u<b3_cøN*\\2\"geL\0ۡN*]y4auV!I2HwTF^kL@Hxby; !\nrd7n#CU\"\nk[5r7[ek%o0RQon1T}Hj\'D􉹉%ߟ1gf<sXR)Ѕ슩\nIX-7VjcșYU&Y.ѼIgTQL5\"݂yA\0Sj\'gf@|8SYOTǴGMn9>R1\r-VKZB[\0<i)0 ,o\0NJ\'-H(\0*#sNo1SSٝZ3v2P3<Е{8Ϣ|1*읖_iBdbn8ԍedi5rn,v5&\Z=2B\0.	+:]&\"r}kj\0\'_03^)ʓ(@C$[q`]\\7\"÷ue!x4=K2ĸDs\n*6CN0?*D2,f	\nHNݡ]HImM.TWߙ% 8v\0aЩ$[Gc[1̞xd<0D[,7{z;7ҷFC.;&7S%\nSd|Ztn[L̵2BE]Bc[3%(G3ΔHKBMWnp^x:;ȖjU\'?dJ[mdBZ)()\"\0nIÚ3)uSf^َFbɉ]˙/Ðԧ8¬zűR>bwyÓuz\"4Q\"JYDP+J\"XHNVӋj`O~Xcْ\\wKmÍФ珡iǧ>_@0~9ÎrB(,y3;\0v$p7\ZZA#JVǃ \"wFW\'=SV\'zFqyF{m{%yϜwq+ON씥ĐC`:uA{\00D\"Any1cGpu&}Y;7@v= fǏ\r\"LS|d#UTFC(uKBp0UppT&G+K~quS!Q[a|%ajxȹ\\L<c@.4ȒqQumY#m,qm~kR0;Ov:%Bh?vnm&+s[!qa_B@yHvQN2)s\06խ>bbڍPwo]͡TJV!PUrR\0P?b1M~zB<٨5$;/Fbq -$pGmHmJ~^68g\'V}މuvu;*;yf8B*!B.XJWScS\nG\\.5l,QIBHi@^	\Z>s\nYR+H\0lu]\n+EݘNڭ-SWL!l\0Q$\n6kn#r,Aۦ-ۭMe\Z{k\\>:[3F\0lΜMYSHm~	T}ۨozv=#R4ޥYm$ol=â՜L\r]G!OLQF+emпR]S	}@u4=F=CzNTڣ+<D|E*~q_U7oU!*l_l38<\0NE78[HuiqTE-Y`+	T	GN	=<cq\0ݿ|P2%2_oT:G3I~$2M*(y\"?%p\0-{nd)̍6 rGŦHIȖ(v (bFk)	(J_*]W*\"ӜjPC?K\n&T4Pu(\"RE{^2Dbbx7Ϸqo&@t\Zө\nt%2T˅巒ORpGUlKhмU;\\L(4.\"\0Q6g\'[5Ndw3#7LeoIJHD*w>o9Pp(QRJ?`94uJ2\"MABqOJr<s|_#Eg\Z%^B>]$p.{!|UIО=BS\\(_Ycf庤\\InLuqR#\r|YF\rJHSUAXZ!( Дlڨ!fƥ-9%7(\n4\'9g%Ǣ@VWyR$-# $\\\0ₖ\02a<(!b$ۿOU}\ZZWd;s^:K0#r\rN[p6QٵA\'gg\0z+^&\r֨Z}pF!FP@ZXn \0@QΧj\0g/RVA?XZT)hN9ũR\rFB}`5[<پ[ڃfVշ[<{TN۷T^6(	%XБ*;+j}IPq/en0ܤ7φЃOzg.g%lڲq\n !tFYr۷\0\nu*_yNiʼ=r8#\n|ʚl@uҿ+#lu)\\_w*6kDm|CTde{DjmSDpl\r_a$q]t0!\n=	 `:č(\nYQ7Ob\\\0g,dp6_gNe@ʱ;ƦaOH{u`D_-OH]@p2-~WY?YVgy6B7VŚSܔU;xU4l%CWj78	b&}|mS/\ZwdRR,~V0z\r?CTG\'3V*jEvm.q;dITL\'ҭq}Gx\r	@d]XcCN`YdbR3eQy:\Z2-Y[7Jp~qhuc:_g,\0Wo\0ѝleJ5\nQΥ=A=8NOz}1Z=!lc\Z,f$E|f\"<S|0AxRKPKm +`/`ɐZmb6:v%9Ȩ<\r_z\0$	U.m,k1걲P˳+9-Q@*/0իoK:sshQ[N->Z 76I#ojҖ\r\'>p=R&csǤ35|éy\0ƵC)gPNi0cFh<([cO{3[zgg\0gӖ\n!-CKI<%a }8Ǿ	\riD;\"TL򩵙hnXoZm<ct֞NO.*d[\"2YePԊs͒IJ|ƈsuUOܬoG_A1\\F)[d0}+P`wV-\0r|kgNaeMTnl?~玪MG3皺\'ol$utv- osiJ۰+3ӕM\0 t#qOOXM<)R6(FIaUo\nFԨ\0L2V8\0yS:P\'Wpp4;Dy2ahywlr\')\ra\n-:934\'2O_Ir*du둖\Zvq~My;󉟟t_\0/\0*SM(_S?tG~.BA\0s(2\ZI.: wG>S[L\'3%\rRv?<SP	!I%my5:\0!W#9$3:	vD*D-E*d.HSj_2=6A0MAC+f/Գ<(͢XJ$묥7R7Bsk\\sC[Yp;{=4;ӧ\Z-=Gj_oJq1\'\"&fs\rn2;\0xM.ĥ_py\rzU+PUT3SOմo1?.=(\rq8<ȆQ3&aVĶum$@>>Ls-Q_`S|g1:iTQ%-5w}J*4]Hc\rd\'i,)-79F=\rI$&,@ltA|6ȝ{GZP3r2>-rnKŭd1\"LS/)\0X]WA̋\099\0|NjVTY0˩)(!A@<WJz\0ۦvb1y^g:[7cyzS=yh|\r)h\0)]u&;	?h5\"rrI>R-1nbў9!#hմ[댽eD7|k<\nQuN9ɜT>萟UnvbL޶5o0fRZj\\d.Jl:T|sz,\Z&_rN(m_+%l܃qSжh<\\r=xN;Lv\\iNB]![Cocq>iU.1%%k[uk-Dp}Kɞ6@ ʘpJ<aS݉Up;[S569 c^S̱V\rK6LqjU`|_9X[YRw[O1,GӐ]W\05I}g2oQ2pw0FȍME4lr\0U\02\ZʮGm\"z1g]B%$qj3{3HM9cCV\"Oe$ϺMCտitd,ޕ̙eŦZ!jI+8K\rlEyjn{@6iq:@$&ĵLUFR*<\'?PxR!{[ԠG#cE&Ɩ!j\"McvgZ\0~:erVX#s/#S \nz}u&GG:P@_#nO⡢49Rڠh噒6󛿷?S^51Ϫt泵t\0&cVVӜc#iC92as{81rV(V.@}[Y.Y7+ÖO$:ęz;p0l\']Fey,d		fIiZT7-_RNwumgR9ɆTrʖ\nOol?Gg!o)MM*z?:c27)T$<{\0\0MzO)gs+̡ WR$)?_nN6n/X)cZ~93(Ӳ=FIU*ZK)#$|eM9ȰAްxfxKg=fθ()1VnE)>)R\Zt<};/ܕ^)Nm|OUK)p~k\"ܭߞڍ>O9+UUP\Z2o݂A-<gTlWqV#?S-N=2K)0y7PoO\0\Z5\\XA(VJͬze2\'~dl3ԩ!\rC*!@bNdIU\Z\nI*4G{\'13]=-zNOS%yjS.%0c\nf[I$u)V*{f1))7Hf9@$f\"\0j5򯆽!:[)^\\6OWcZU|Ly?f9\0yy!4XEBJf\0oՑPrr\nQ6onGǑ&sf6Q-&J7 u!V#8\ZNI*fK\\E>alNBOjc@C {pd;[lDO@[\'b8eZs*-d@B].+2n\r]qaݦlϊn~\'ieK)RHp<Gqqk=[}\'z?UE[Wiu@<[*?Cl\\Nf՚oI/2VHz;QhVNuhzv85lA	=\r5!,\04j|lwUzuNv*,@%,U$\\R0C=~?|Aԫ<\'%RU|ŭos6ڈm>8#y	Q?Xf%T%R AJ\Z\n?s)>#΁n&e-\"	ϡH)X?[xLZӴz%V3T+gHYwKMam06گzm`+ZdGV\\b;-\rZAHJ&$:>bx\08T^!]K2D52lnZ\"@(wmOue9\r,pdWQ|[HiR\\8\r,R¯ng|Z-ǘ$ԒORl^T8c/}:>\"(rSM+ wZӸ~[?(Јx?2v\rr/RmCMA>Qty$z,BM/F侢C\rwe(=RlZ)>X8R&v-W{Wa?`<F*2eEn6\\muy|ϝOMj%ZƙOTW+W8rT?>&D+Pp홝M1#\'z|Zye))HpWPb\'Q\'&?&Z߈\nÎ?0581mRCh\0-p@_9N&JdYfMoDWrE\"DinPg%ӕ͎ JIPQRhԯ@+@R>0X3;7E-$v2B\\A渋[m	m[HP$Ӹj\rIv>W~]<;fFVUiWI\n1=E}<[ ,HThpue\\U9[e6񸍧WnAUdS<Xgٴ\\ǐuE7pVqS&	?ZZ5sunYT鍂Hu!-JEu|iTb@\Z5V H\'h8IdcЯW!&&y26smhX	9ϻ,cEԪHZORX?wug5zp+QnOឝQ]&Dg=&I8;8uu><&jƟԪϣ34̸І,%JI$$*ݱQ\\vՃFG_bFy3JZf\">ΉBf <BOFJr\'TFuNu)R*2ݙaH)mW)).%LHRI^G0^WÓmʑx|.Yu%h=:cY̶4U_Ҟf.m\n&BBOFW\0\\g>a:v}xOₗqڙ)ǘHPQa%{I\rbjԇsD-.KW&kHJU6j7=*?KqhFj*;+?ĳrV,nbd3`\rǩE{CL*pD)Y UÉ`e7- yHI\'T>r1J5*\rA9Xq!:wH.I!!Nmn]]VaLf/\0X\04Hrb$V	h%!7qͯlbPmkl{9}34Ei)\n.Mܐ`\0\nfBoc\0gh%5$A7$#c\Z+N6r\'F؀KyB,쪆\"5o4\Z6J.҅FXۮ	_\0Jjǈ)6Bई4JQ\'\ZqIA)HP[\'ULgjpA0`ؚμ^\nmY~ƹ\n^gNHXRˑH\"a/vPgZc yPֶғ*cl&5Y\Z i}Vܜ)%{@]x{Z|߫U=MP~p 	:RSQ!#\0`Ϛu&?ic\"*`P\ZPT7n:x|,pĉ+UMV	\"aR	B[U\0[L-=fJ\0	3M~9ncJT\\-1[GjHBQ<t}cYPC;ns+myo>*a\'/ߐjiLl&*!\0rw(G-nguޤ6\ng&s4.Uji\\TIx;Vσ}FB2KRZ!N\0<˼#q=s&$zOY77-,<B^\rͿLc_aⱘbnjfFgDy#{Dw){ۋT2\":ԥ-5\ncVl,5K֖jǙ.DLIjL\0p8=ӀEwbhi57\0em3_UlVQWgˏR@P%XUK5\Z/R(0ސ~t35i\\ymLqSNb}=dr--ͨþQ<xK쭸,I>ؑZHb{X3-\nHEj93-X!o\0\rZS{q3No٧P6Zy~b|B:gce$#d┐PË޽\0y\0Dc&+~r6UĀ\"9J%rM95!FLpA6Y3&]C˔AI 0\'u?lXד\Z&`ȹKr`26^8#\ZBZvt?\nIE`ؙb\rѝK)zԎ{w#_vS,Tl.{ 2ÃExOk:SAL:ϬR@zJm|gj+:=:-G%t<Eè;Apq^ARҰm:\\2d\r+̳bRҊH3I~NssbMM۲\")xLglH=:\rH6\0ܨ\\ϙe~QfRUeASicBW\\ƇOjܟYŢR!*Bnm<\Z?i\\^<%$ZF\0U\n[,?	?<<Y24|a\r+W$r8x븓=|WUŞbe]N]lz{Y	Yq6676GҌspxp;X~\\6HR[[M@QX8cJ\rdab/!S8Y\'kIC\0OxKi;5jT)|. %?|à#BQEQ1\\HHIN868%:Aȅ4B˴p]Sfb|l9c8ۥKبıȋjN1_ƑXb+u\r$%>?cBF.d+$Ss<q>ģb&aͫ[\0XAϊ\0:?Z\0r8	V&@V\'$Nu7-doZ%|.3ȶJS{Cwc?gr|ntj,YRcOP˞r)kRO [ʉ(Թwg&3U]&4RV)I@\03,+1#ؿ!H=GO4Kw.|(s2pPyvyuҀM	RAC-%Y?9k3zm=a)hi\r\"rGVp\"(c&nbW%=XdvfF\0z:A6?=	*aiDo\n\0O\n\0,!m|HƆR~~r\nT\0K~km\0·Mg?.j=*VlӶjb&)0=EnXx=?kyz΃qR_9V(.ZYm$T)RO lr/[);du z#syָpDHesin:I>\"8 KjT)Ja<Ss\rTls,+FA$ŨYN}uJ>q[k8=MˉuiD;Hon_ƈ\\YR,%RLe$--\Z*TF^ңzASR̮|%$an\0@#m۬ǔNDw25:T9Eo!)6;C\nIce4\'\'K0fh͹yӓur\"CiR\\	6	Z=gg*G5wL(TɎKWcjP&,uc6wh.ȅ>GS)lm=⤀J	.@=tNL5#XRElz|N rTnU\ZJ\"\"Ӧ5Ԓ|1)Rvlp!AIČm]`읮tJƭfNls?Ń@H|4eE-,\\O\rE2?IsS[_p(J\'~x\\,5DON~Ր̐[ZMGX߷{Vį~s#5Kmغjq@nO.3XM\\\\fu\0U9;QJDR~l!Yhq{dNy\'^мךҦI1ڼ\Z,U8Į۝R.}/\0\'2a:r)k[i}a )^Z-q}ٗ\\<8&7&)l\"KID1l d7\0&IpiRe)Qpvb9rWȺCh!\"k|4O+FN1>4	\r!(q{ \0Oel#&5xeY\0sSmLn}#CԟMZܞeO_\0P2FyќNϴG`IMKW-HG_Eq={<;yϡ:nH|Čճ$um ~# HԿrS^BG̋wqĜlh4-ǰ3ϥlw<J7ސT9r3!\'u[C\"p= %tȬhX@W>a߅Mf=l6]:Mun<Bcq$6ZMx\raҚ_uR\"Ts3\r)2P!wRO+OߎU5 H}qJ\\Ts[[/mm;^)7:{Xď8=k5ͥJtMG\\W3-q]0sVLG(C6I3KJHJP:ʎҰk~ʿ*35\0\Z;h\nn4)K;*[S@\"-\\\"_sVN-5͔T*,ٙ<\rێ\'z6EC+5%v,soPj9NwSwF\\F_BRԕ\"Hſ<gSIG9ڀdC4C񬽦=e`H- /F\'ʚe^rHZTb\n-,CiRRhpY]<:?TBNu\0Ju൓|ÈJD[;cǴ4_fq\'Lqq_ihu`\"X^#|Og&\0bn(˽=ǹ RqA༝\"HJR*pMF$yj)%KKi)BO7 ~RCiӼx%zQ\\y{~-mےmű_\rx%9t1<|(~^qy02-YlOƆQ	yBT,>\\\"JR;03mAtID@˙b(\n3S*\"\0n\rc7T=t9ݧ-$UiHK};ĒA7)!+faHe6BJ@) r=d	aHֶJ\\X!wG}(vq[ҡ4|;F~~b3}%\r;3\\$&dK^݂bW-VЕvN}1v\'Y5z!+OJu]e\ZH5?4:k{?6^\ndu]zzEj9L5:z̱&äet+qd-	lqB}lpZ G̞BhZy*@=~ưbKbs-5GZ$J4EJV7.Hv@(}Lf3\'˦ÏE6)I/+t(zAPkeQIf$T\nKe[nhQ=Sb؎w\"efE9C|D%,-8y-pU<\"8!.^yѽ~Z]ٚEdɦ)N-ПZJ=`VE\ZjoOVe4i6dg|Sҕn\nHUztEblLMVL|r-JN[[ڙ^YK6NՋ7aU`}5`\"\nkR442jLd$ڼ,K,X\\JԹ\00:-[IS.U*!KeQu)#6=cmev\nF487hF3;gb1)afr}ԙ}$+?UcRj5ԥT-V!%II-ʈe?ULxι\"=K1\0tB\'wI%}	t/uCROi,M\"E+(S}B@Wfؒ?\ZіEm>_ySR2ƖdܥFb2tPKQ#Fkcm!<%(aEm&;*	HeihT=GV-cdoy5DI-nHG́3;U*i\rvFo/7#[n0z,&!	NqL20q?E\n.HmGЁ\0Oc\'h \0^Ι[0Җ1U5(Ό[GrP=7F&|-7ӝrlG{˕&y,;`%)%E=.(;#0ə0hYK 	p=?F3\\ȒJy\Zz\n6x̭}sW4vPg9)Ry,<=GC\"`6t=:F\0<ʏJ\rw\">dj ˔4me&:R\\O<X~R{lW v1:Jm=y`|[GJH8$-|.Oq\'Lua֔=(uDC%%|IX\Z&F\Z9$j2TĤ)2I*l3zX$Ԁ:IbȠDiحJ}33eC\n	ȱnuQZڮ~{\0	k_zҼ\Z\nI΄͕`)WIOlObI4_/5M\\mNT؝Ji?@<M58j-\0S*ι̰֓ҖDzaЮFB{pr̆ӲƄh/ȓ\\̘!E*ZJ,]h-67ֽ4O#K.*UK.R܁k%&M(/nRxSڠM!.\Z:.k_Td<I](R%[R	MƛPDOErOЪmJs.Ԇb?{moxL\')lIo05QK6Z؇oC7ø*fb\'rc4yelr؎9/U,FbԪ6:#}X1nk\r)SszKH$AQZѱ~P>z@<&FҾT:Ԝ4MgK{>{J>lŅ~$4R.+1Uo۰X.\rTM)mGc@$:3R! \0-߶f	O`D6$jo\",4i2eyP@n=}eA\"_+usQ~*n$,pmP~sCF۟#>m1\'@mn=qHt!4Ґ\\wH0L3;a=8\0LT!Mx	z0+pT@aJ	\0ʫcwk|$Nd\reI+2w //YG9!*Tl`J8tۙ	5\nA?/\"EbQXU/$/4\'J3]GS/Vrov}nwTIcbTy?yF̲<23\Zv!ɖf)EIAacV	XA1}W,͌s\0a@\'wԌݘnjdzs*feeQP\"9)HJǤH$\0K=a?JZ\"KSmn\r%EqyJ?S$Ӵ~DSF\nϼ%p?́c\'TY+*]I追y#l\'mIM)cr<Wb<-[aW0ڞU(J\0xnwڡn^ho̳1K6K\ZIqt\Z6SKXC*ǵb׈!u\'ho_z\"Bm2e%JԖ֗}`i=J-I9\0:e*Y05d_\\CY/1$w#o^1z¶xuCt670CPTI\n|g@RrM:hzui}\nG:UTE|m-j\\Nv~\0bzS\')mv;^$X=&\"?)vLmM\ni$\Z2TcO[0*g[͘2W4Xn MUͧvufAhD3X͕1=lwdS\0L%څ;yjMYCgJ%h&e\Zrb2)4Hm oWn{D\0	ǸqK?K_hbD!X//<̓\rz,mӵ\"w)E\ru &pAώnǚ_9^am[\0=[{ߞp9lZ\'dl)i\n)2Jn#߃A1inxQҬXs=^dڤ-\"݇_1s(%\0Iq$\nRT?׌fR&IM3P2ԇ6JeGmm}X\ZbAȗ퐙m46Oq֮\0n#\'	g,6J-q)r3r^%[̛إmR;^\\<^,$҉Y>#onl}#nKg}%~\ZSk3-/̅HZ[zW\r &䘇1QSYFUϺd1hԨv+zCOK+OG\n%`B21iY|_<&ՔQamEZc{\0i[\0tYlԊlЮ%MM]>M-$ʊ엁#@~LXVTjMY2;!ћJKiN\0l1}}g(XL%~ӦOwp${1_~/z+(܇!Dʯpy	RMנKinaxV|٫ic6l)1Q	ޖsoJMH˘2|tZ_>&x6h`ԡeF`ώFҗ7TԎ1æ}DփU2ȍCmɛ\\l\n/}p#1-xx|ѝGKRކp7ѹ?y`TPݼ:Vpa0NzKel-H*% tT	\0㡢Sg:_ˈuU3Zu(d=lGؠx-\Ztk9VQ\n8(i}VGeG[	\\jxc+e&RBϒAqch$b^UNV!EA(=OԶWK\'Ij$PJ=!˒7wR}1;k\'5).95R\Zq9B[2>$=or#i).Œ8-$T%~six_,b\nȖSP̈%ͤwl1f ˴ƥ\nUAJT\n~JRnxٚ3Rڅ&KjJkĩ\"\nM໋I|z3fud^*\'5N-\'&9*6ki97XN`8NUaaMiquGrl;>G7b鰀@|2|HSi	NƓZ< h/}a~^!tjScƟBײč)+7!%iA9ʋMki)np6XjPmqjjPɷP{t\\f]&?M#<Dkp6jioj-Ha$`_BٜH_@_i>5tǢrcHtַ?\"xr\"^\0ҞO\'\\zy^jGo!#*z#͎\"+QۮykȐҶ4q:V`<\nV84@o8b\Z{S8~T0G\ZQ k<%6ul{a;\r80\ZPkԲǴOH\rxێGNJ)xqzRq>l#	)BuSm$1aE%-8ʃ=\0QhG3 ++itTugWcm[vAIA$ZŦ]Q.v{U\n|f\\wUѽ)\n$I\'jɾ(hkuwD]U1<m-X?°[שj&Ib-c\0DƯV3fVY]>EZ\0\'u\'yds|7_ޞO)aEJPnOP>CZٶ%b˃GTAa|J1-I	I67鍵!Vdw11f0.(G\\qJr##5P,\0h},9/=;ۦ%M _ъ)K|:Ti\ZM󊖕Q7R_OFeXzc׭QQ52}\rƴ[$HĨjm~I\0	*D:]	yy!lIIpt\0<6*ݥᓪCmu-wřFL\0zHikغCGbG*NO9k{OMjӚMJ?e\"dnE[qkG3~GU^8\0T\Z~*,Wiq-a;o|;HؙL[i4^E.S16wRU*YdThn;KR\rxʱ%RtY_z{}Mp	mJ0Z6ڑilzyr,+)6e+8t B\ZQ/t߯\0~`V%[!DYV=\r-qe4ʬMQuOHcONAȌ#)+eh X[\0\ZRbDN,#F\\29x\rR\0FPu&Ū9<7Ǽ[UbTLpZ0N+\0OCՆgT~%/6ViU28CK\\MJǸF.}Gmف2FCT\nă(n6\\7HqB>i0Dl|㮦DL=VV2arWm<MP1+/)qښ\'o~1!LY}tx\'zA͔*Ib#!A	>jB&M8q<k@sfs:fJ*Oe;R-J\"n#/yR/`lv)+5ޡnx(Wf|f2BnL:\n\nOKa{2Hv0+JKw=G\08)77ڇ\n¢y-JTp1JkɕEMɺ{;^H8qX q\r4|Eъ}FU*n\"-\07NV3X*>\\gtP}0\"#+jQQ	R %j\"!;@yhOZd<MRڗcΞL%8̆V8Đ|Tt1إ7u9Bĵ>>Ssu8DLwTi4]Lkeo4~hIl#\']*0-\ri&&Mw&7H Jx!88G+zVǿiE!2nsJbegoÈGrzf#Te<K}五#q]LM	,,*`\'_=C/x-&$\'Խϳ~\0׋*߇|P\'gfo=Xm4q\0V<JskF,^Z{5\Z;(0qXqr,A_x[\'h01l`\\$\'5ra!E>(t\ZtQbOHvSw\"<V1]\";]v#%Ce+.ΆI5zEsa^kiV\0ZU͛\0#6|R2$Wo/Ra IH7QڔC]UlÐw<~P;@`󘹟BE%SiQ3}-)!M۔7\0;e;ǘd4PxrHy OMZ6YL%66BR~tJq)G9\\gq)}S8ۃm _,^frd庖Vպn\02IUèJ	G}z+A\'N=L/77+j]%\nS<n5>3(y+\n\'}cPP>gYOk57~#@趾O#ȐkceKonJ`SNU:{~!5%jňeP)7\n\0Pq= u*#D?K%\nY(j	?`ITGsFi:b̀,Y:?L,j|4_?r%]e$S_P&Ⱥ\ZSuz*IZd}>-Ȟ{L@d)ߍ\r\nOb]c /4zaُy(3v6\0b		晑$؛q\06s%Pt\Z771\0{H08)Y9b34;mLٕ\ZHRb×x{T._\'VB)i&`hvjD\nC=;P2Gi<lfR]\'}.Z	LiR:AT6uEFDK]KCS*Oz\'XmW\r>ћY9AIV%\r)~X\'蔓؞:qv!@Za_>CVu$V2םGhDB\ZmU77wQ**$gzv[UŦdo*R&rTT?8\r~8gp*\"9JP0[K,.:@V;MӧLN˘B\"w.5ni.Z+)K(>N0cjr2cJ`%{Y7*?s|\Z\\bZ8bHܗ)RqnA<LT} @*hU\ZR|3Yogzyz1v͍6Av?\ZMypDyjfk&ΦǺ\r]y-;LuП:&Ql^KrXO܇6(bݜC::y@fUd)bJ(UCs6J@vFvj*BR}>,|)3-+CϓM̙zDgGhƂWv\"DrAŕ8em<zz;?]BL3\'UhQIG X!-庇CJv1ڭ7.`IvQ\0!Tӊo1|rۙ(}$:؅\Z%ڥ;f^9Le%\nePԥ3}X}\nQk@zn$zG.q8R19qK+MyI`o`	N#y\"RR3y\"T1#8H;Jv#>U0Uq;g>W$[%\"uFwsH%61\ZE+HfoU[j>JThGol6{qVH\'{`dĳ]h+w\0\'U\r.FGjSHR]lisGj]JP($<*JH[q{2!7\ZZ/u4>M<V߃i>.}%\ZkX\"&&X.8u\rܤ7kW$Ld<Gd`\rCu7+4ISA!^g\n78ġ9!be&f3ٴTD.l=AROǘ\rZ\"?J+ҳu34Vk5Ԕc!;h`m\n#f>!?8sy]9KY鲕ÐЍ)S}{qHGd*hM(,AXCVHJUpß\ZWh$Mb[jb8F(dW95f_r`H\\î9HyhlkjTw($nÎppxIΏ\ZAƔٍ0m@OH|9+ݧlPr\Z;P\nn@p{\01=%};M\nov\0^S5FHe2meH1ˠnB)Or<RMx>Fc\\7H^@i+Kjɒս#;Vo1\nw.k<<TJB\nteJhaTŹ-s=\Z\n|)fSS:2;qN)\r<R\0>H/dcYJc\niԵґ6\Z)o-	P+_PJ\\A?MRG6?̔xP*S\Z:ֺ-(Xz\nI)=S>ΣVwÙv׫Լ+2**mkm#:}qzNL2=PA?&=x%IPWЫNZy#\nIh]>sg<i\nq:+t]Bw[V!\\Y*\0$-L۲y16\nyKԮ5=GP}=!*~u%RuUm.{\Zu)+XHI+#@ߦ.9 G*&T;)K\0<#9,qISWmGG+L6|:0B]$:vٷ+\0Gd5#!A2MY6eWhjujHZqeumGOEˬr3?+Ҝ秺ZJ*%.uzH	I}אMhBl`Uٷsj2uP9fWYH nmoa\r+%#9!vBQ$6^% wV\"P\Z19V1Ur2I Tf*b5vj\npU`;{|\'k5i5}jM6=\Z<urq\nT<[-!a!*Xoג\r1HR0H@re&{rQtԭ6uC q3-F\"(zurYaŚޅQ	(iQ*spoެ+cgj5;s(u!<NdTN˕쉘hUb,GyB^jQSC<\0ejs*Wc:J-o1mE	̈)n52:y=4Жk4:JI3)Zl6ThOp\rtRSޛ<8*A/5`:Ҥxpme}flbG?<Ö~Jl\ZsM\"QI\0`]Gin|0^^^Ѭ[s)-*LB	 ͯ`H\'<),WÏg\Z<2>T	lU(	a{Qv!p:R]mR`r9U\ZkHz*Y-_ůؤ_	߸:څ,Ns1I~.Ab;&Iv6	K<\0B{7?fuSY䑈E6Yþ!̹T2rURy;f_s>o}81ٗTm/m+7#q|$$] ۾O0$L6\rk`⬈LicR4>s%Tin45.+E/mv9zdh-6i|1ğ{24Y4nȓH͌\"2dQMapIljU)\0|%lДԩ9;JK[qU7[JO_u[*F\'2TDړpg}S̑*_z-\ZTYm)/!P6Z ǣ9X:ۤҤ6m\ne6oنZjc\0h3;sߌӛ񤤖A*V{.g剈jex9n4-Avئu[{S1H|>Ĩ%i?-:cr;YyWm3eKt\0FjTԅb1|?J+jyۄP6vۊ>w7Q#C8jgȚsLj>^FgJB\\N\"E\n=yVɥ5|j\n|9x,n=1FLGjtISf컭\0EǤXM^P]_\0	:ǵ\Z\nUzZ-3X/ܰXj>b=ʿ^.d0rL|ED.=&BS#\0NԐR˚nWQ_jyg\'=w\0{7sM\ZT*W8h_J,mMDYn?M~QLyjW	SZRBTFO{M[<\'Դ\Z.KQ<5Vūo\0!pkkJ\\ؤ .H2Wy(J\n\0lVC6Qi֟=Ď8\n߶ WiuM*|WRI;-\\v	p-?ka2jV83^Z&Cxr\\-L*M\\^1wq7% +MՍz۫d=eGsgY\Z\\@\\%J/Wcϥ@\nFpDaa¿CS9_3ӨM«$OrRRt8$}M\nn6!Au\nT(+PhUG_>c=6xGC9Q\'6Dl2j)\\)I,l:r0MvdsУQ<^fZѦY:̠eS.$]!{~-<u;SZ0~9صX~[o/M%ʰ_Pidl&NI\0cpҧwxl$a[o|ϟ4G3,[8Ý3*HCj;cʏ%AQW55G\"uONKJ:\\E˔ܨ\"%&sJ\r8\rpiw-dZ7Wۏ	ʋ\ZǏ<l\'()QJ$U1TBCE	X_d,VX1xHMivBnLJ2ema\ne?e\njLbz#h&O[*Y/O}bI1*X3~)9<QO\\!1iMt?[8QpeqqPy %vR~P\0k1&`sJ(\0zĞrKzFc˙Abd\nڗKlUSJ&2jǡV/<M#.<-O$tǔhJiR-`(d s)Wȉ:\\oʓ檭A)m\\fr*\\tLcbJc*KM؂RșueIeـLn5Q(4|JeRn(N8޳:i3&~{3v\rhN`T,>>KuY\'SP\rSu[mV\">\"\nZؗ|8O}jOD۬	MzQS3H01ߓ\0=<GyɺkUMB`rlڡS┯%ה$\\\n\ro-I~ӫO]5JJ/׽u[iN10˿3i|FC\ZA4ʕZ}#ۘ[iD8lA6+\"#MN45:jֽL3P0|{_\0LÜtLD&8UU6){7 r?\'>화G<O]e5BkPA!D\0u;	CIp.ajic\'žFNXH.\n#ºiыXL~H>WCyVQjP6>k\0+WQ\"S5tֱ󄏇|Nx2sy\\Le|\0R!<Yv(zw:yHίԘ)\\[LW)6)x*	\'Ӹۛ7=}nMcEY\'5xY#3JCu+PZA\nIXؠkt9i.[[ǿoW4rDYc9:~j\\5TwK3]geey[=}f7\Zs9^GYv+J\"c\\ϞZN{&h[ћ\'mʐOh9^KJ[$)_xtvY9⺱W_翗fq~mDZBiBP)?w}ލnCi`F{3_^I-,OzeiLC\0%6TVwphнNwϬӫY	P6>^ϋA[JȄYsK-@[O)$XJU@T-;Kj/zV#weaaoZqCKN[X_\nh._l6PI?kqmnPtO\0S+bfYo7k˦S\">eeHzmc0<4Uxߔ{z]Or7gjJHyC6(?zT`eӖD;)~T$͙>Il%:pH	O	Bl02Jf>\"9MmE>=n,{ˀO~z3A2IzU=Un)9\0N	6bC{iJY.~}jq`mG?K[=ŤQ W+#.iÌ!iK^kKuaGՖ;x]34*ImaBxJn9OT@sew-A]݉a.sd|DWN~Wε$C1k\n-YIi+-G-9Ხ,ufя\rdj`&\n*2\"+ӤKLK.Цli\ny\\V_fGȟk\0zH\'Y1)\r6TF3d7fjC}\nB䦘>x) 4A|ۓ`@=Vtk=!??ĝWS[X\0y	9\\<,|:n^ֽlԜiNrMtX<232Y=gzܒroٮ9*s^I?6|h߄\r(z<4d<C$710#2#CrnZ%@ߜfT19Ϭ\rF/ӸL0J/kzcüR*)I\Z+JM:mJEptuav:wQ}֠	\n<(\\)IRJG5=\0R~OԨ2rD3\ZtYmp[(yw p\'?ޯk1oZ\n.ksvJ4	`$IImneApFҒM\nA|8vZ?cry:*)ͮ~IQܕ%\'jr\\ҪKxŷ~rA5H\0\rra9;\ZlWe[\'Jo6	=hV_OfO2&kJ4SaT\rĖrGұMۧ.ǫp%VڅOpG=	֢EUZIlEsӯ+S64-72c<9I\nD88\ZOw89;̎NRW*new+D!ۤwʪG!O%&Z`v%%s֗^rdH5ڊfF^i>ZW]>aeF{qyޓ/RKWS99(\ZuR)2fIrDqm hzKC*)lc\"wU>s:᧳A_c7܍P\0@;e=5YcA?iQΔ\01\'iRV\0	Bzjxp\':\0_v3=lC+(Ar&|2Uu@\Z^y[̱R+ɨy).2BH$jى!A\':eW^1À{z (4Z\'e:\Z,v#C`!\nR\'ԞM̨<_K@Jjkݸhh)i[&ׄ0_X<֜v,ٛ}+T샽$)D9^	`Rb؟=n)2\n\Z@bC$ YpԘz$ǌGI)iHI%V\\wme],xMc$o\'L%КWeMV|mI\rvXnTcnOs.ɺq&L/ՠU[XX!JYR#<,w!JLЯƜx9ԌG\r:|ʛ)Z\'שɌS;\nR{{9w6nA/ꞇRyZFι1.Kɢ4v148DT4-Ȏ!LCV?I<fU3C2~Eڏ=nDs1e)Z失R\0heͭJmd4#ɖۉeK`T Xy͡:+ugڅ*3	a(Dv8⒆;Ďsc1|\Z|EMүg<2dun|mJ5e\niEzJI!J<L#l\0>| 6Ε5! sc6b`\'z=ma6]2r3*_\0+|!{bAp\0.΀?R\'*é!VIJc.\n&dGzܐg\r.d<z\\ϥF{UM->G?	bxFJZQR]%2Z\'ʐB\'mR_ `<5zז7\0āy~bJtIqL\rL\ZyɮˠWRە!άBnZV	s\rXaq3MӐ&gZϟu~^eܳ*Q]i41%RڐnbJOּzԐSn^Dm+0{exM>(XE5HRԕ-\'pUw;cbQC	c={,i11@!Mڐ6lk==@`w_k-,Hэ*c1KD`_i-~EDj[<	U#Z|iʅW=&O2	J=c-*i+\0IUO3Wkcd,ը\ZNԖ:ne\ndY	ukyo\'T]m\'i7F\\r71^o~};@70x՚nR+שTGStBm!nGX2n?^D4ެX,e.nOF7ey\'!QktƠ4n.]aQ9%!8en(.ӼFMѷ߄{srh4W*-NWYsmT;M a+<䌃>G0Q6jn	}V>Í.CaO>I#ԽQr{V6矘0MyrPR,\0ۿ>s$\"e5m7W~W)\n	gfv\"\\}7T\'>S\'\'O1¶ǜJvP#߾32ᛈ2e,G\nyYhLRREѴ#݉<3<C,Q3\rbҌy,S$),HO\Z|ym`We1-*\'>I-iM~ndc8ۆ^ B}ߴ5m]K[E\"uΌ$GSHŨR(-)zP8ջ5%dLfIOSFrTTbP#y	 (\'RbG/ҭzӫg{g/Yxq/P5G4!f]?C*b4>iA-\"lSRz1`[ww9VV.ihs9⛕R+5㩔<5r$/:E,$4WO+?r\0OA1 ~C\\>=<{P|RFʾ5̉yլ>X.JZq\Zl\"IzQIH݌έ4K ny-HZ%?yTjԟ-.Te?E!DfSciw~]~A\ny6hL:TlFSBͥď\n~!宬\nK%CO\"gA\\K\nJ=8)Jxk5cӢVD-\'ru`.zjlgRLdmA(\n)MˉUJ%%E?D*kvk4Gb_fKĥq7rJWl#9\\ÏX@-JDtUu`T %kY% ~2\Z(J6Ԝ-YAmqhu\rez 88q6~@٣8?OnVU`O}i-1K&6\0Xlüg?9c3N䮡^qͶ>VRt$ml&C#joxĞU\nȸ8˥b\'m5qݲͥAjYRI\nш!vFX<S%OUd!@\0=O*\"ʨPHLeEZ;	պRR:DsbzNt-mVے&+FHLq˓5k )$xH\'rug+?5\r 1?n]*q5 c \">3s7FnR2*1#rϜ..\\\0y댽\0\0+QNB9AJzc#f{Iy76k7EvM]s{Jަإn\0܋_CZ\0{3gFv:&OY>H{îJ}ֵ)A*ZI\'[\r7W迴&\0m̵hdk ݺ`@%UtƝ$#lܦ KiA+I@H/!H&Cq35an8($?\\\"_|am4O%)\0m>M6i1@9>-\'j7W[D`\'$ 8rږ.P})Cd}l&3W?;MGF㶖ޤzP,9nQ=>Q6Q>+fleaą#c_8X,8>=	\Z#?U׀YitjqjR[TS7%JRq tn8>P\ZS?2PB)g\n)SIbX3|%.=);l|`(۪I?hJD៬nWӾ\"JҪ}NC^jhm^i-H6$w=Di<\0\0pdxї㠭L]\0jGsIJw\0oqz\0xB_3C~\rdg!2چ^SBV;\0\0\0v_k\\\0g3&Q	0$\0ݱ{̍@Oaa m~abQ{ʫXԤz^ԓcH-_oji@ɐDq;6s{|&GT*\rS$.]7+	rׁ^4YFd\0fTI?==6@8j>RԤS^8>efنsu:ntHT-a|A6;)CrH6Qtg-z0zun#&Ҧȫqi5rUiF\\]S\'^c\':i\r6h+A<}N(\012Y)Q HL4J#k[zʷ\\~8:*},@+U=2g','2018-11-09 17:03:38'),(3,'2.jpg','22',31693,'tom','\0JFIF\0\0`\0`\0\0@ICC_PROFILE\0\0\00ADBE\0\0mntrRGB XYZ \0\0\0\0\0\0\0\0acspAPPL\0\0\0\0none\0\0\0\0\0\0\0\0\0\0\0\0\0\0\0\0\0\0\0\0\0\0-ADBE\0\0\0\0\0\0\0\0\0\0\0\0\0\0\0\0\0\0\0\0\0\0\0\0\0\0\0\0\0\0\0\0\0\0\0\0\0\0\0\0\0\0\0\0\0\0\0\ncprt\0\0\0\0\0\02desc\0\00\0\0\0kwtpt\0\0\0\0\0bkpt\0\0\0\0\0rTRC\0\0\0\0\0gTRC\0\0\0\0\0bTRC\0\0\0\0\0rXYZ\0\0\0\0\0gXYZ\0\0\0\0\0bXYZ\0\0\0\0\0text\0\0\0\0Copyright 1999 Adobe Systems Incorporated\0\0\0desc\0\0\0\0\0\0\0Adobe RGB (1998)\0\0\0\0\0\0\0\0\0\0\0\0\0\0\0\0\0\0\0\0\0\0\0\0\0\0\0\0\0\0\0\0\0\0\0\0\0\0\0\0\0\0\0\0\0\0\0\0\0\0\0\0\0\0\0\0\0\0\0\0\0\0\0\0\0\0\0\0\0\0\0\0\0\0\0\0\0\0\0\0XYZ \0\0\0\0\0\0Q\0\0\0\0XYZ \0\0\0\0\0\0\0\0\0\0\0\0\0\0\0\0curv\0\0\0\0\0\0\03\0\0curv\0\0\0\0\0\0\03\0\0curv\0\0\0\0\0\0\03\0\0XYZ \0\0\0\0\0\0\0\0O\0\0XYZ \0\0\0\0\0\04\0\0,\0\0XYZ \0\0\0\0\0\0&1\0\0/\0\0\0C\0			\n\n\n\n\n\n	\n\n\n\0C\n\n\n\n\n\n\n\n\n\n\n\n\n\n\n\n\n\n\n\n\n\n\n\n\n\n\n\n\n\n\n\n\n\n\n\n\n\n\n\n\n\n\n\n\n\n\n\n\n\n\n\0%\0\0\0\0\0\0\0\0\0\0\0\0	\0\n\0S\0\n	\0\0!1\"AQ	a#2qB$3Rbr\n%CS&45DTdsc\0\0\0\0\0\0\0\0\0\0\0\0\0>\0\0\0!1AQa\"q#2BRb$3r4D\0\0\0?\05\'!\"-uO_3\ZSh-\\zss3Pdzԥi7ʳdI9x8\n.юLQ]=\Z:	h$W@=H\rڵ$ĻB*񂟧mg1wir:v͋_}w3UԘ~\"Cx,`B-{[s=Q	7\nT+VB5inTY\r1t`?VAl	1mattc%,j*A;[a<vֳ2kA`9}q\0	9mvE\'q*vc-qu #\'To/YbV.S_$6HF4V\'ye`iD\Z;a :IaO>c-Ĭ\"y ʴ~x<S?$)ܖFƊ9\'2&6u}/)܏\"fYc\r\";a	U9$$fP	VFЪ}FEŰea6&ǽۘҞTB1nF\0qb\Z(q\0݁9&;Q ^V>ufL\ZZT({3\\\0G,AhHX7Sl\"\ZJ7l\0םEXBxX]\'Ӷ5fos8EHĕwӴ(ӎ1`I](~#GHQ\'#D]e~T[i<HE1,7qrI9d8\"\0v(l-{dȋ%_\nV}{yg%Xj4p?<_`f],8I\0f/%N3;		O<[seϖb=KdEl{ 2$đ!󙮊U<}=qԛf:&.;XcŕQ\'\rlsCjKJnw8\0Bӝ~]!\"ޘ]u֚03Lv5Žetȝ&@9BܣrHP.}PhN#}?$πdmlb<d܋PޙBGaLK _܀PE&Y\\O\rݱE3\'3GC)\08d⹟J& s6H4Eyœ+!?b$[cPfI0|ثmGs=<bQ݉ɒPbF<8qq=yK3m &AޤoL-\'Fu,{jINn[卦ep)?%HPIZVm=e\n ȥJ&P6B-\'iII!lo!ʉtP\0eHfn+{_I(+Oc{s]U<&LL(d،U5I}(c7E}9K[q`7Ԙªԉy7-s#ncaUrBnv^0\r呔hȪ&6-q9=%[aiγ%z	eYJp2%/)kbGyRcaaU(\r;rjR:E&eI\ZV͖!\Z^F[J}-qb`הAh6U,̸2s2qJv\\}X1iʱT\Zg-!we*q1fBT$E(Y+16Td}gEJvVm͆\0aFӒhn(nR>cUA&hl7*SJ\"OO\'MUtY\"cDq3&vn~ė@diBn\n9YI<NdpI-edfz J%^4icbvMui6]6@\\xϠŗ^`iMO2E`\"dQaw}I۲4ѥ߱TucetIfbdy*[>1	K\0%r l$\0,1ɍPd4Rm1ev91r%w<ab;Fz}!i\\lssМ)\0$hNv!!e)GXhRRA0Ii$،fa	ZBdܻ:YN\'Lg{\0qeԅaXyXʿZ.ÔWa\\-\'3\nVW)TI7<FPLk>QܫPWhx%K\01ǩI42#nt|C!U!Xa	X,FmṮE$9Ȁ-r@dSM1bC &Mm<Ql]l&xAI*[gĲ`.[6F/1-~;H%2P<-)zm-,FMIQi\n_ϙ9-\r=pK0f]ٓKinۜiOi`\\uHIg1`,KDl;	3[\noX`\\a\nf0=HVZp)#s>Y{ߙTF\\ӑzc~LG,\0	\0;\\JZ\'X`1(U?+\0TݭllWb\Z+kbݰƣXHS{P-i>ACoVm\0UrڶN0#YauD5<،-}+dʽXp ײ3Qq\0[-\nK.AhB*ҵ\0=d\\		@ LnN\0һ͍LyE-\\q\r&SǮ+UN&R(0BW[\r[)ċ&q6fTs$>ǁ̐<(,Alu\\D7s:Myd}o|H8zO<_2p0\0viPp;fZ>c^[/qnk6iPP;|\0m	YCmc&笰2a\"O6=c2fW\\R(!)i^>1g;,ľ(.sFEL(\rv#\0q[bB&*iZx^\\|n?4ŭb5Rh}oL׈An\0ck[>\"PeoVI{\0tJHid}&eiX\nЙ\rtaNG$ӊB}Y҈0$UV-9%66`7$)ǦVML4agv~e|J(px[A\nv>)M@uL䁉\nq]l ʌҰf*bJ#NpiIreREaiM\0x$TD*N\n<ǏMi;Z#ک0X_k;g\\C$\\_aO,(\r}-Д[gɘx.X!rp3۾wBF%K{,=Z˴(YJ-&H=ٖ.}<	0b߮)\"kPii)h׌mX9Y`PS!a\"VPb$LGይ;(P~.֠0{[UҏNZS}Hq&F*4vDRr:vg	ݺPUX;k	j7zҫh@uՑ5Fo65RX8*Pł<q}%Wx/`{g^ʍ%P0J)\')fd.c @?c1;bEQ\nH\0X`[;M*/ʡ$rԱ;BI	IkoϦ<\rBү:1i:!-B{zevHZ_̍{~W82\\nHLv3{عF<Y	kgL!27y5Di˙5ҴIkvfL(~J?!lb V[Kg\')Jd#>Oif}:i!Hf=<=^\'\nwy=c]@C\'q ZMdEY;M^T15q *ď\Zu=N[ei}E(Іltl0DWkf~+6ek9`\ZAUFFX.kFŪJֶ\'nP܄FLl{3噍(][,Q*=FT@4*l͍)*<ڊ1UIvSt^2Wjtq\r?iox-eNCg; {À$7}ܓ>x,LA1A-zuEKp!57a~ا8 o}\Z:Pzdt*VmxxJ`初>1i36Da:fCɅ$cğ;-p/(}#}q/OSR\0=n4=+0{?fhլѐ4BmsMLo>ͭ.5-n᳴^ڢHWՖ;ktOT㯜Xtō==%Nc@^Ng˥	\"Q)+	<{`vB+7\0m?q>K /?kk9Qs)ڝe6ƛ(Pӷ9;j9,\\	}9/\\]}9xEvbKUC)p@Hʼݡ)av$ж:ݔb=48\"[!ʡR\\q\"bJO>[h		,l)ba؍>VawmO7^(S،CZq4V |8q9ݧ ̤qF[=&#.̑lZFq:Um妤بQ=p;Dnʹ%q-$߃fy=\rnOؒkp2M~@ICv`2e2ԔXS[~\\dKZ\0amN,/+PAF^n*i\rn)A!\0s{[\Z \'~cadYw~¿t5Wl\Z	Y.)\'xEMN4hk4 zv4\0Tߗ8vejI:Tg,d<IaJF32jl&>EZUkv\0@a hfW[d)|:O>/}uWU:܌m13Nr!ѱO<)B8{O\Zjz)#7.D;P=Hϓ~ǭ^rzșeEvR6pdƱiii](IHRMJ8n%ѝJ_r6Nv#ԏ)hZZ\\dnY}䎨h4j]Me_$ԫMR~Hro ĝܧSWjQ1߱<3\nԯ~jJ:MM)͵*<H4atm5:뮄\ZZl Zۊ/S/^q.mA{Cq7|hjY9 ͧQ+k*?rPۡ@vGǠ?0sј+?\0_UY6v]KԆTdY(Eu[Ilpy6,=/\05݋H*:;O;>\'Qj5C-3V]\"2\\е^q(ϭn\"\rv.LOsY֍&wl|\0;|:>$4%#VeqJbU\"takuVT;SdxuiJv~?BjoOOLg֣W0˹ìB֜$oˬņm%A\n$KxOhxtWFt`2_>2uKTLqta׳K\rS6m/ӝy6DvU\Z[> =QWZgѬPѓ3#cĨ	>#	Q8!CB6qrYJ\0wO|Yo2;(g̕>(=27U~tJ\Zkt)sRJO\0#FB҅,teJ#@R0؟p3MI;ҮS\r35_ity[+RS{76Óu8<ڪk+d»Rf)jm其SegKuryW1[3g\ZnM@QHIP)mPN3lݦv;	GIK:@IRFoyuIk\"8xPVUhEj8<)-6s2]uOx|ћ2q!^?$zjFY}1;7kv,a\"r6Ud?5\\\rEBrT[@BTy=Z\0<RºjZ(`A/s)Ib/!SOlebMXB\\Sf@6$n<7<_5Nz@\0=<706/T[},&H:m0Iz2U<>ڣAl. yywd7ڻFŔ7;qp^5՞HJ4̌\\˱\ZCKǈ#%7SA{zBʸ6*|Nv0/h\\gv:kkw=|KI镝B*e-UƢG\r%/>ԥː\0KJJ~$wڰ7)a f+~\Z%ʅsqPt-qsVi_N4GT&9zE*C΄6:!+Qj੥#rׇ!q[:[pm,:cpdNz]6)jKLiCԣ%inqdvOoԏ{L|I0Mϋ}?SNty`ʚ*)Q[Ynv)/)ؖH޻7q^rGT81Z~Jz%_lGL* 6wJJ֖HOV2?A\0IR:\"y+H\ruBm䋞{69BH<F}b	\"<gvd^3fkmgV%DVuUxdF:&1NA>t5OA^Y5-cyn-#\0uM2̼՞4)ڐ\\XajVxmx>SiF`!(*GvW\0v\\=mXPo+i]	qwu$@a\0\"T$:Qc\'0׃\\>;).8Hq\'9!\0s?MӔ|&% 5}gn5gLhspvO Ŏ]R\\aJX;]S6?Y`E|/޸	\02>m|Ie>z\ZXr~Bd \n-E}i7N+{%B9\0*k\r7.2<w󢷉[F7 ~.z/oڤkϛ̳(N(0<ˉ14!uJ\0Vo?=JAėqvUrOjiYa$Xm,r`x8+(Iጛ6\Z;(4վ&.ƚI%60+!u۞FLK+7͡{B\0NC|)&KIWs;c/He?VᥙsD.=E+Jn/谠YYvȌf-!)\'Ɩ105Gj\'R,Gf|ɱW/lϠHTCrbRTA7\n\n\'8.#N{F6~_\'Ph^pnv|!!Y\\ X\0Y@s>漵sd*2GH&iY\rSk܇CVa-L֎am7(MF@7Zzǥy?ף0Vt]25[$,j9wqOAJm9ʣ9t0-ӑkğ\ruo:MU.bL~MJM^%;R!*)GfҔ$C^B}{Oi-eeޛTVͺgșDåxwIH\rI6BTmiiAʪR͘ckfZ+zfS\08ՊNcHtv*:jD!8ZQdfۜ;1\0BV]SS4=sZ-ezm,Tsim׫pL*UY˛)d!e+wV$\0S7[`{gqm\"h)<m7Oze\rmB9Ϫ,ϛ\\KL!_K ֋0%; MV+Gd\riY}?,\0;e皓LtްZ-/2W+%ewoǚ׶x-\'(_o=~&[Y~>7-E(ZH\'rJ} \\\"lt\0s\Z\05-)*HRHW< =<us||?ӞeQܕ~܏O\0//~1s$ow^4)	R\\hJ7Y	> x~sJ?|v?)VhTp֌׊\\+06xd7yHq{_.?|?~StжBϕPZ.7Xi\nrn6+l >r|; Y\'kȥR+5`+uq	VJXMz-M#·O,3FRkerWSX*Ya\0Jh3-ȀN[VMv(nsiA(zӷ\0Ik37T#Qa4L,	-]MJkkX/H\Zg@~}:MW%{{N<&P<?ê6%vqmՍ1Ѷ|ⳝi*NɞJ߱P)k[fnc7Afw=H6^3*\nJҤ>\nᑴ.,hP)AXV)I)Wn#Xch:pd]D(ݵ\0я`b0b3.;j-=L6O$ZÁh7(X͖i\"=&ezK;*PHű=\"݇Y~fN>ЮznԹO|KM}G3NQ%\07+@]{jp_YTw/1򛲂OQ+E.o:=V2EUJ@(~RoWj Y(̍qʍ5?q*3)Y6jcF0dЀ8\'𑎓5jޭ$0{\Z\n(}f|tg꬇/9C\0lH;QQVc:#\0lSM	MӌA$YOUd5B_k\0r%<|H2nɎh%^\\#8HxoYrv/U$6e4Ā=6;%o5lHrΪHT\n3?KG\'\0{ơI9=杪s%	KzH\'̤@i?HcU%΁R\\|zp{@N:HUYQMQ˥֔Vi	%iP}3\'fdYXJ/1F?MUj\rs$g>뚻1kna%KncOq.G$vjV_jEռ;[?-b$FO0f>[C~Jp]=˟9g<*=?dB[0iQ sR(ĥ]ݺy*zk !GR?Z91SSF<_	Mytl%rGI{T\0v@[YannhP8PJ_+u	mIWN8t-{9v\Z0v6Z^c1chlK_(S(IHY&BˋS԰{6MAF%j@n{`(FO@sL?u#Uf-fb2Y_Kg{cz\'Tg3jI|r%U7BH%2c+\0@_僫5_1H09O:hJT+6V䵐l\\9	~$,_#<,-g,kR\\Y7[Gغn1spH\'غsy}s\'=\'ywXB)̞\nVڌbW\0&)r>kbC\\W⾇\n_W;R\0OĆ|7r?IBwphL,FqX^߭qXv\'i].Ԡo/D\0Faīo}ǋi\0A\'9K$/苆UԢ,emw)A?dd~RR~,CT/ªE7+w)ԥ? <M7Fg*}X)JQ!ЊcxosrRu|I42rLI˚OTIW^)F$+N	Uǥ7gy[X!*d/mF rKnVu\\z_ZwvɐZFb6-emT|Or6||%C}µm(+60L_\0p|9ĶH$3Zg1udWy%\'0BKĥe6;$_*[O}\'m馼VoLjq\0ZI}D_a\'D~q5#~[-LIŭ52T.B>i7@\nʤ`od^Y;A5柙Q*E>I6鸝do\rYuCQ5\"K]C/%#!1fԮwm\r+%w\'ejXz>2\Z[hcESm4c.ymIN)K~W0)Rc	nF\Z\0:UB%Lfeܑ1IeGEpp%\r\r+4DciSgi[HC`;.<2V#y~&:qn\"#;`G!\n>*?%~x.\0=39_926W2clBUlZGINշ[J\\\\)}\0ۂGULһ$@üL(tz|ʯk\0X =e2&f{{%\0Lb2\rH+:n(̋o2:|˪4m#Ő^Hl9+@(SbH7xO+b{ş_\rE9ŰqR{C\Z\rF@\'ټ{8D΃ۥhc܍=HМd72|ipP41Rt}d	\\BIZE)%ͮDX2B\0$we՚tHJ=áʰEKT3IiSAw\Z=ֱ,]hf7/*comfz~S[in*<o|uwͼR@uHRSo	5>>VV.o ?)pv+u\n ǲ/z4,jX	r{l 3,PLGڮk*Xa3C(V8=m/`UH̳p&í6dP	˨lz*lsoqi-?->nf{J\nUn1&gOȔa@	y)!qcc`mԬ96\ZVԶo~{#g\01\"tU-[hqrs9.\0g$&ǹds6?ܢ{-^GTOshm|yAc܂FL&G({\nm4L]s٧ERE~|w*W.V~/8U*τM92|Y_3@2g.jJwAXEY?]C65ഢ=;Ԍ:=W6=UĜ	唎O<vIg(rye;8QqPay]^Y{ŬiOls<Gx^\r->7pnxj5NrLn dCPyR;ϥܢz짭cE~Qe(esѱ&}-EvE\Z+c-\ZC\nAR6\nDh\0H8R7齏N;NuB3 O;¡M\Z:g6ӿ=`@O\\)*oclh&332q\'Łƀ㤡\\aTQ3|h{KkOyCAr&lu\"KQ!Var ҃a$$|H>Y\n1|bz~vǧ\0ߦ*Fӓ +=\"Hu(OqO\r\rY\"3+p./3bjk2|S<`Gb3tُjKqN{꺷9k88`hc,eOHѧqR ^3`]zIvWNWӸx{Vq|zG?<uJOs9k,i3Drl0\rEo\\$F4\rUrKeҷ98l ՙmҐ~`/	OhhRDY]) vcs>k,|W>62U^S`\'8n	^s2܄$\\lt<:=ӛ19@d̂TZR8 GaMy:b\\+,MāE 3\\Oh\\E.Sk+uDk:me\r\\ofP3AKWn2`2neAہ\Z%ӐR^m-<s3.eN\\7#1\Z1\'2[aV\053ӦM-t⍷IRk^zL	JX,+Tnqn*^\\s#;J1W;nI\0\"BTH>*Fe)~@l*w݌z̨k1Dl2H.`m;s=#ӈ(N\0m8m$\0UDZ|}\'9`0[\"\\xM s2[*pv-Zz:]mK˄-swk\\@TXRʹ`\0.dE>X庳Z}۔ncu7/&lpyIrI18ɍM]6S3jO*.	5&<PKa+Rm\rPJ쨚ΟLK\ZϧWے\'zHT\Z\r*$`\n-.VITwU=jda^-6_$Igd˵iGquC%;?5VeɎۉrw?v	CanOHvwƫbF0ÉX6VNq2\'\0<~8EJjQ7aq2@\'fcGU#lb클D3aޥp1sv`K83t\\o+iN\0{ߌ@q+1&hML	k\0%\0ͫGk_u*TЧ|)+(8rYXS8qլ~c\0\081⢣k/f*kkS\\MRHUkRԢN8ӑT\n01dt\\jUϯNq	RqS9_1\0w%9W^fuEh\rJ(>aFN@b,S?d\\B[M=eehR\0$TXOb}@\0Gzs0F3Up\n_4$+dd$[\0mXi&~(\'<#-}\n )7 hșּLg{+M,Y­ۤvy#r\03]o(@sw2e͐3ƞ\"0}L.Epkߛc`zA];\'RS֨Mҙt:e%UTrZaMh(@u))p>6Ux^H5A\n XXwpN\"jf\"ɕ2JI*N%/Vj;|d$uVfxd<8=l͙.%M:v=842zԐd̀OU/@b4y(X8%Һ/\nA%@,93a7\0K4嬝70ޡ߭ÇPy5\'hU9c--h\nHIbsԇWWê;-H\nRaLcXHtK{{QLWxV2KRrR?X#5Y$}ҵǫU&b|nXHuh_[\'HF\"I\r,<\r!qpv6ΊwrUεَm5Cq\0֓:0@C~V9S0V]1T\Z2GVU4͐&=K\0׸bS|O`\0F(ۀ_(ˉLfY73%*Ň<O_\0g1t;\Z)U!?;3V=*Cd%B86Hmz7j8Ǟ#OEYڃ4³XYd-(RRTVA$6^ZqI)g}zuԞgtL*<%KZj\\2~/\0zMΎ%<~%7WNw8roPasW6	ST,R@S\0\"\rb-5ʍõZtVzu\"ސ.Y\nnIp!֑mh\\$G\"N\'Tlӷ3YMap	^:oT:E2m[=ǤQgTX\\d4]{	\'_Vn˩|%߆V˖;eCD+O55)v#;(VՀJT@ŒI^}FS Z1JޯjE]ͮ+2G鏹Nj@IAk\'/%8v!@8\'|{9sTy*;3q.\\U2+jv>ɔzOg#>΂ZQ>!<x`CC76*VƄP>QaHnp6s)ahJYSBpJ3Ķ2-*R8uA*u	*1vREs.TAZOjq*Y7~vQQogc63%Pһ\r18cZQu\r-3V&7%jH81m%ˡ	`ɋnxD\0\0zX,Wn3h.O\\z5_Ԗt\0l72ky oY[l[:;L!2HX*bDleK^yM:;axّF{cB2&]\".jaf\ZNy.ҳ3̖n*@nPKWPGpAPzK]Q}.tQ,r!4fta\nnκ\n)J{\rY0%]mf6\0QtCSJha\Z\0W*^ė7־V{SL~[@n_s\0>u쫜eqRreO0	\rݚ|2\0X-@[Nķ #*ik:F_\ZH*WQQZ\\vVN놬rde}[Ɣ%iF=|ֱFa\Zra*\ne[ $^\0i-(zgv٦bt3|7+6)K5QҡHPRdJZ\n\r6ohMӊ|?y? {fJ[:uIܽS\\L*-QIZNv+.\"ݕB*70=O_po?в:kH*}7SVu/܄^$sEc\\ګߺXJ!*vKn3dO_zTةRNb,6XXaN.)>n񛁼94!jAPZvFTtAnEN6ܓ7-*\"Xs&Ӫiij\'g	NIs2rI\'|ʧIiyK\rQ	Ev#@5\njA{aM\rNCD,)rN 8Ҡ?\ZZI:1Yy.X3bcw\\K#*/sݏ+e1,\r]tf+8.S|6)l^\0RO4Ui\nտ702Jom:dMo;uDaKNXUKU˞P/kRf$oU5Mvy5bۈF[	KJhJbWמ.Ek58?	a9歞bҚ>WrD%\nP\r%(܄-ZʒFq_h}4mVڍIem+rrSs-OS<\0pġ`ϫ^ /N_/#}6f\Z&W2_Q%fTiݎ2Va;e.J<MB>u>OF#alVr^Ihg#/\n|)RV -IR\nUwMlV7jYt\rgZ_OQuB2֜fN~U.J	ܢ\"8PV% ʰ\",Zֲ|GZy`!uՖirE-93-	Tv¶%[8=/I6X3Ǽ3k4]F˺K/&]\Z\"hK0Je)eNu*+%F7 #1Ӛ^s}9v˙)gHMFusflT%J[`8h!%IJiHE؁O0&L|Ϝ~8(ӥK![M]yEKqj=ԥx\0\01<8nch⑰bxKSNX/Ϯ+K6J4Pf[w{V<]KԴ\"gP?44?Îϯ<s{j<8>\rHCJp#6Vh6#ؐl+խX!q[MОI9S(J\\:C]ZQ7!Zʔ/̍pt&;QȾ:U Fܸ	6q32c,\\ $q=80&+K?+C$C\0MKRoÚ^.`rbktթ\'QZ j6WS.섦$~/q29)C<׈)jKoU[hO8mIhFXa~x`Y֓_]\n;bYr$K\'-\0zY{ivc]N5)Q6L58Rw/ fL9[8~ə;V+2hhQgŕN[vVu , ҂J)3R2tɩPLjqস&)MYE˝J+ϒrLU.\0-n_Ys3Izm[\"(i\ZVnbBI$]FA`14b1:zUZŭvR2fl2C;P^	TPʀ6\0mX+J|I\\ctRduJZ=bF\0ٖ&9X\\m&m.$	;KI`qa%̻dM\r R.,)9Eڲ/sȧ#SRxy8ßAэ o=ZS^+ʌ&dҒx}Neh`\nD$؜sz_10\0CMWŽIMFD= Uf*SĴn\0K\0\rmq	Z|EJrR	c3҃]%D-J0@c(#i-\098HP s0B勭9FPi݀E]6EFv+W|:b22\Z\rCIj픹\0rto(-C}gY\n+oCX>@\0n-`dA2r^W:S*BB=o|+1 2΢𥥰w}0nu]qŦB5#i\r8	@cIRxq\r_Ki4/\0LC?uIeI5@X?8A$ϭaX ~X1U\'fISq /tϸǹA~rgҟpF__\0,HXJ޵Yqh&\"{v*8*I\'5 ;I\'C$uACEslyf2f8j%#s4lOCH)->r95ჟQk[riTIՌP\'\ZDI]Yîx\ZS\0>@5+\nʵ](I	75@ȪN?0\nZ	qWL6LVY!^޷3o1\\>ԻDk0a]Y@d#6}@W|չ9kkn8W)GliDKZ6\rÝZ#hj\r=<aA#XP\r)noL	eh4,i,VE6lzLfe,|;r1&H\ZSU=-̔#.o1ܷ놎gWazQ}&I}8**;	@\0f\08bz	ɯ`<F!<fd]Cg%֝&J	jI#{0W2+*PlIƘz<A<݈#)s)$MGOIeKOM;$vR*k\Z-,Mȉr\"AKIH\0qc9rYSrFPʹ81SeQ[MyG3P@ 3KP4p*<^\ZCKfQ,V%d<аc̚QLKS5\n)6IȮi:/i%Iͷ5$<lH66SEQyQoTXvq\nRBF6G{܌].81-%!$s18%\n57w{@)Eٺ/Ig2DJnBnm%-wPDjqø=6R?c{tګBdÿ.RI5=79q􉴭y;k{1L%aԟ;-n/s|\\4o+uT*MufC|1Vn9y(V-dz]X{o)!KaLen[7!hBG`gt\ZLH+b0+\Z9>x\"\"*0;)&5S3`sj|q\0@_L#+3STɀEl_HRmq1E\0/4U:`Gpܱ\rL#:+9PS^Od%ʻ0,<FecE/N5؛֚fTU՚Z$ٯ^an9`n1+9n͑Cā6QٮXո-}8NG9-Щ5%ޕ$%\"$vާ&&s3g[2)6TK*l8DTФBJpxsW3z	*.OyigL~g|e!2Djph159Ri{K^tJQX`N+	/6\\BRln)M.}z_ʇ9W^D|5:h\n(+\n#OΖ4\nDZSI$LE,l}-P8c7ME`y76R)aR6,2Cڑʾsc\n6P\0yOaIH?k5UwDTIXC!HϧZI\\sPZ6}T:xe[3VҦ++U*J\'2L]P~{LpÕ	XIBo8oT}0\ZeaHRη W)<@혍ZH}D-.Q+MCpTv-JY*6[I\\Z?pXLdnDi\\HUCq2<`qA%oq(,I4-\\>Z+\0:nYfT24U&5o`VpyN3~(=RP?I|o\09leAR3;;í5+\nՓZ\nc<-i$6ns1ǶqO#h3CKUO*\\V-r69&,ҟ5JePВA$生|x.$7G(\0[%¨.-o*fqt/X\n@ |(\\VP?t5-(٭4GJCMNt8<&ҒBq<(r1)ä5ʰWq6NFa˓`sWWSPTJ\Z\nt*;)$;W^8<[{=:}OkѳTG7FumӘ!}o^رTEk6*tgYg-a>}p΍YV\\@~LkY&4bԦ݆íf2Z!~\"V_yN_r*$0\0LW$zQVLn`%Oe\0V9\\\0G(m%J]3	TӪ3u#Y%Wkrl(ztsMp\"֌xa\'Bsڐ\"֒Zgǋ6Sw?:;r11(UpNaU^f~xLc_F%soQ%>_g\'0@J{ອq\"Ej^mFVz l~%@r8Z=a\" q)/9\0F:2rl9 cP,G<`\'l;J[	q50S\nݣ_k<84,ɕwNT#4fs4\0uVfR0(0AS)#+1FЖݾ.mǥKfcS*$<X9GM\Z]R=W\n>qs/N`u6R6nlʮ0hp+<)8S2*XJZ@shdc~h~V#s)~]4]фqRgb^qJCޘh)_\0i٩u&iL9̑2w\'46BxPV<Xn3MZ]:\Zƥ1\'+T1n6@I#+sU\'$\nqqTY\'u6ħ=vdJ]\\*\Zeї5;eD&Āې\rI&\0+\\iLKm3fKJԍCLqE.Jw{,B *KT|ӖĜJK@,,\n/ߕ6y>ƕb UF_8`\\F&hGdͫWy-&$`]C[6+?O6Fn|͙)[܍!-\nT!Dx$[)c}}\"][3J=\0HYqӍ**#zkRwX\0jjx>tƲ(	ȁzZOY&PS*C<ҒAZ%no:]/Vr\'6~3/Z0jOvbc\nlɉyÐm[1&b-)D_>0\"\'ֲmUct}nw1F@e|U_=\"K0`q_\rհҽ.{ЬZ$x }-rŎHtiX\r0*hYOv,`QBB}{>1v=`+:gP[A\'J\0	gmoASנtڔDQʚ)z{Pd)?\"Au~MUufI9M2oe;D߄~82w_G`VwKObch?X;K{\'2ސ\\5.GXďS2V\"I+|bcMPEH6IW-M\Z\0ukTMnWҏ\"܂pR@cXN&ߗ--uS:QV2Sql)%+Ez\'ǖ>m03J.{m+XʙI?k4D#cCQ^$)B7E+zRG\"H_1\na	l5uo\0GʡSI2<@˛AVJ<3/1J	=k1<a([+W	$|=瘅-X2WT2~0@;VSTT{)Q	aNmu8;/?ɫ*5=\rq\n|GN7}VRO7]}-Kv=nk^Rժ4=<4Y\rGJc*K!-Ԑዀ%{H7Ƽ񂜤i1ONKݜ*se\r\"qRrة $\0g?y:7vw_MX6U5JrpFP^ZB*䟲vȬYX}rnazZ*SLQRiR(m\0\\<|d(&Oܵ\"Q wȵЊU|V(+=5I%G`udŪC|bkRU?~D!I8s,-uJD#N@t	\'Yoyt6CF]9ٜb\ZW>I틥xI\0pGC`9{b8 EM6Lڅ%5=U\nLd9%HJB.8J\0wQ\07vuksg^ͫ:,%ܶ<IPҼZs?y1cWS,ܨw.rt6ȩ<ر*GS(<=>f,}f=6tӓ/Y@#Sc[E*85Uu\Z3tBdQ-k3ͽ# {($y}W:ѩ[x3eFkf\n6eC\Zq6;$4܃tۉP[d#EMX=g+߉u)SVB]SrTJRE\\~,~)G\nd0\nڧ\\}::yt_#SkmJs uU\0IC@!MH$Ha`mx҅iOf.2gfħf݋.H\0[Lyoa<,jH2&%>-*\nu$Nq cU,U(*sģ)I)^#bOk$zA&c*皫E66(UdgP̵ofFUQR+mUʚ:$lϋ[)3`hk^K%+E䥮	oan<p	ZfnZi0uLrd	#Toŝ<,aiѨZaΜ\nT`iMk?Tosqt,gZjoTo\'8lt(>T.A6\0m=d3gʍy-*PSc	!	uNy\'P&Ss:#\"`EڂPふC8AB}]=%	\"V7%T=xYm)4h	AQ<wڹ.@NTԧK\'|lw&~寷l/c)U`\\į0ؘ3f6nP߱FTý#q\r5:\0SiU7˙AAїbeIrC/3~˲Wt}g:Aӛr{+R>Rir^3b(\r Y(H$ܒqҺ\"(\"bY/qWb6!a>o2ۨ{vpsc;JY]x_aPd=ᰎĭ#&`s۾ZlI0ʽpel▉o\n >VÃyO8Q5}9AҒ$?\"Ŕ*3q`lGe;Wi#ƁD2\nu̥Obv\"5\r-&N\nVhdrl2yYM\ZRkNڏS=5`{U_0`:sXG4&擙e*Pt~_e&ZYֈ\\TTS}ܳbkȱa0;Κӵ\n0E92Hf!HuhSjEpܓe\rX*i7XɕĄ4DR\0-)Wnk@Q(?%&Z9_UP} \0|c~ys3CoDk8C W+fაFPOx}-@ ל8aKғ7G,ȗ-:s14٪hy7\0;99I\0%CNbM*-奅q?wi\"m=ye2Lj|tmIDpX[BJpaNKJԳ`OPjbۭp~հe;Ck ȍU$m:;I3\\uN	Ok퉒2ˈRT96no`?fR JR}دnvwIF+n7\Za\'AU	8[336.6jAe6>={NLo˴	\"S-IAI\'4\\E^ffƱDuG\\k3mo=\"k.D.+s\0ؔxbtXp(Y슽C,ʨZQi}H.x	JxKa*v\rhc܁{_\\p	ɂ3J.XϪ:Xa4ǒc6@ 6Oxng^#I߿3uaD5aZ[`xN	\'(kkkp=fH\\ʻY$֦ӕ	RTx&mr}-ڒ﷜?Mr?U9L؊@+MwOS\r|ĊƚYt!JS\"ou\0?icN	֘ɋrv{ZyEo(5.=Hm_2r-S\08Nk#!xӝR\"劜IO-h8^ZS؏7)MOjIW\\҅/b{\\ܜlNp#m~fpꐜq%HB?0O.17Dp_\'8Vܢ8}ܲdX}\"P-r׎07kvK\'U`T`4e\'y?yNَUJnGskaÐmC` v[p`mKf qZ\'3c)\0?J*5!ϧ#{<yZiYuVg2#!+6Jy$0=nV\0{mQ\\8Z9Dls)J8MJZh6\\s|aMu&n3IFeEm4<0iaaH%)?,b) *\"9Qal-\nTq*u7kU M3ݹH\'sgi#Ii\"6ƵC{rFb:BG0GU@\nE5<@-*?+\r}R&zN˕W5AfBYdwa@R^iR{\\\'q>m= qqԳ%פt9_Fԥѓ@|S@:CV6#/o>>*Y\\iޏ̚a:;94%S(a G	6$pz֪tʣ#_VCʰJҀ-{Ԟ|]J=GyHXaRP*nfLTY\0?oɷ \rs^r~\";LCS^oȞM2\0ui@+#|g@1;-&*9!Mx4I Z7\0~W|g!Ȗe`iD\\\ZT\0pf<MmcT#-qP5.r5*jGu%RZ\'Qק?&F3\rL֙MO/$rU)u<\05TgXѧE{k-7?1\"?i8&z56SO}^KʉILhX\\@bA~ 9(76򈙐3a7Ė*\nMϦ5Vd~Pkm	A$\"iHqiH\rwoAk\ZqM\0GeI>e2QR[:\Z}mR:(p/Xx;1W<	\"yiR>T(X\nߑs?\';\03Ƽ:LQ?GQ%7d%wy-%X=#3\raڌ0\\\nϒ$Vq\ZUٟt=>oO$Bqa+jt+/YLUi̸@z3p0-MUT\"\0<ve\"+`2	0{\\RMz	1\\|uzqdaѷki0k))*x{K,Ųn{\"_&b^2&jg\ZOZ\Zܽz^rBj)@Q$	qJdTHD	2+Ray|z\\PmmKtk\\,z\rFŦV#R	AIq\n\nmm\nI u$}a`ٲ˜@r *1XT\Z=\nm+nbVzOlt(JV6,L=J;-*,%BqRc}ÏQ$,&sLP]+f16mue.	F`RO/?q~WៈYTzc,J,%.ybpX3|Ao=Ŗd1HPqPV˹ ǂ.1qf83:Zyު\0pu>.e\ZIBȳY!˥Qz+$x6 @H	QUn?5W~e#dhZ>G!WAH3\r*JZtEX3uvD.OŰ`JJ\0.[\rf	p1z}Y±I*u\ZzJLDSpo-ҵM~b7MeڊSl3v\0Gt> hXc0Mj3IJ\\Jz^S)6XۏWBPs̸C}<B<k-g8RQ/C(.\n߃!+;+nτNto/cWMȔսט#/9dPJY$-Vmb/鹜9S&ĚΙt$*t؆CL9JҁRA6!zXil31\r`n>_NkJy%&TTbI4BQʯ(~8!;nq:\nTӓS#V/ \"[^3CJZ.JR>d f1INYE$z\r)J1Py\rau`s Ƀ`v`44lH7WQ\nv%syڐG߁My=&l$_PKYݴ ș1#o.Q;Ґ\0A,8\061L\\|g<+&Դ\0?eصj-bj%)\nXt֏YFdv{kGH=PK*9ۧL1\0|;5R\Z帔$!58O)HčXXkp&n.%,[Ϸ{#]&ZByK`*	%kG,z`xݹ|+l6HUzgpT>	-Ƥe\Z{m@\"6}nFKi\'agMiꆰr&H~ͷpCK^Ŕ$aUK)f>0Z0}*2Ě]LǛ2%FuTvTB)IzCRZ4g,6\0>^ěPa\0>-]y{Ds֤«jNyE+E\'X%zJ&5:\0<*q2Md\Zb-bscCp蟩\ZI1βt.-(uKj=MU?IBf#\'QU]yeꊣ,orr07pJ?i:ax֣׺!@.2\n~9H?ui[uzl\0W2jv!!rUXn\\<h-Gdf{AᓢCZMvPC\"Ҁ@J\0z\ZBۣ#keLP)uHVRͨ_1t<nA3y[nYiм$Us%[rkT*BR	\0>5^SϤ P	g?\n7Ή86*JviSʻpQC=\0JfDt=JP3Kfp~ ?\r8?\'5\0<mu4z$>V؟a_\0{c Ogt1ByX \Z#68zA9VhzD+h=f7\Z$g|\ZS\Z*D$!N8Z-~Zu>sR@2{$s2lGѢwog۟1-5,/Nv!H24]&<K\0n`M<z0;֑rP?z[2Vql8-tP\0msoL`߇1׬Si-8tcpXNd(2T\0Lr2Q\rģ`RCrLе9J:.#9) w<9h-E6$xr`18>u!-S69e_tŮUYm%X.ԡ\0kkV4rөD9?\r~*&t-Ou9Mzͻ!H?8YfLZ\rc3Ǫ&D2U*pie؀?3	rF?Z9\\͙eH!EVI<I=sZ\nf3>5eH˟I).QjJY)<\0R8\rU-CP\0lH,1|O2rTJi)[~3~?!|-]&.n桨\\>m*a\"^y!\nYQl(ۻh[Ԝ؛@v\Z=3df\n>NTHDI̔)DAM2n3fm3\\Lתn懳mCiO/r^AE<|/Uz\01EBr~/!3\rCî%{h@yP\03W@f3ܪkT|\r\"*h	[R\nUֵp\Z;Vn6-ʄ}c6~Xf͙0\"oe7[CJEt+JR\nTq|\rC|>s*/8@7Y.+eHW\0\',*cH̱Ax~xV7_I(\0r\0vh\")S78JT:WښSe	CeeRwn`[ϯ~\rgjlBZYIrБAUZa\n!_jn;n&2jj\0橹PO\'Gy74CΙrcTLR%ĂV.yql\'p:.??յv\')=2:DÅ,ikp	\nI?y7\05j\0\'oX1rIQa!)74^Mj:Pk4*LKPJMڰEqXrT9:rn?<({?9`FwNtt/r/Bm~\0xǼ?3.qFs iN;WJ\n0 AWpy8oʢ','2018-11-09 17:04:35'),(4,'11.jpg','333',42707,'tom','\0JFIF\0\0H\0H\0\0\0<CREATOR: gd-jpeg v1.0 (using IJG JPEG v62), quality = 100\n\0C\0			\n\n\n\n\n\n	\n\n\n\0C\n\n\n\n\n\n\n\n\n\n\n\n\n\n\n\n\n\n\n\n\n\n\n\n\n\n\n\n\n\n\n\n\n\n\n\n\n\n\n\n\n\n\n\n\n\n\n\n\n\n\n\0b\0\0\0\0\0\0\0\0\0\0\0\0\0	\n\0\0G\0\0!1AQ	\"aq2#B\n3Rb$r4C%\'Ss\0\0\0\0\0\0\0\0\0\0\0\0\01\0\0\0\0!1\"AQ2a#Bq3\0\0\0?\0i)R֛VƕMfJ\0v?CAsTYG4$1#?\Z!hJ+N(<\\}(_Hv0ќr=zuG}hM pn9|=#]Ii5UPR?MtTVȒI	LV($r멥hcbD!~Y+t$aT;֜\"*a\0DwY?j|%ǯQUrm;&npEYzc\Z%Qv\ZZQ\rN9\0x\0Fv9~v1]oULhP`;}ОŴ٭(\\U@ή$lUq,@z\r)\'[%+aʲ\rUDĠOE:-ķX),A$]/%#`\ncRp\0\'>MD)=G]yIG:9SoTЮUMAat?4I?\"jV9$@	VcZ*WSYU1wϮM\"ɥ4h30fbO@~BVe񖽚o<W#ĻgJWp?]v9\"_pKiڔ6\Z8TȦfY	P]hRE(?M-\Z/&TfTL99ؾs~x]IAG;\\.TD1H;/J7R{x)j0I\'*M*5)J()mGg,@G|q2vTKQnHhh=:Q»\0hjX)Id	IvՐM1$iʜ#=zsWTK}\ZQ3y` qjoOL\\V)[)OӲ#4ѬEt;$9&/:WC:-$.=tE&jJth=3MBg4\\c*G<qLH_OR=I|Y7QI$b.*rGA۷AUJHrٵy6\n^msY;m;~G2HF.Rx5oI!㑿v=\0MS/%4k[H9^c\rט饵eTJQd4瘏ѡi&O+ jeNGF4\\Fܘf=|Dk-L5DlxGJYA%A!s!<X)\\JN5<PםA9R/!_-(cC꼖IhTo&A+HD2J1XmYI#̗\'΋IH{^eH	MѨѥ+VʎJ3ts,|_M\n\rwI$Xg\'5wMMtk\\4Ʋ~0N(㤊@T%^9ҕt3!n͊	\"F{4bVՏK] HZJs0@#\\`=Di2R6[Пp;h9h%6DT@J䑟j$V\"dF.~#TCmRUeG1~ߦ\Z;K*MOodQGVS\ZbAl\0\0\Z짆yWw&taQN\0@:ƇI2M]MU\"P@\Zi54܀nU\"{&>X-GLN;ROz|ژZEhsteBd<}u&2B^Kls\nnc@.Fi\'1ОmH<EN\0;b*\'l{z97`t9_j2r\0.;lEx\Z=e;]ђ$9H=FЬubJX#^@v1Φ,oZ?F̧3nGPJNH5I)EU3H0s顧DϷ]땮D\'>+WLmݫi|͏D+tNu촔0Ъ,\"L賒RBcͤ3S	D\r\Z-Y|+|էpҩHcﭧ5I^V\0|iV1ag\'%?c*q\ZQ0@o`BZJ*IoS^^<L$b,ku>-N\'Y8<($>DD툶Ѭ*)\0/i:AIO$y۹Lbe-5BHdt<G͞lpRD\"1\0UM7Mhge[OmXaSAՉj1@[<4d*`DGUr{ZQX)e<Pa:cq)Z޵{+woDCSQTKaUdD7Z[DEi3?QA4ygNa\0]t !ihLSz`z>_ݫ.>4[DrHq1`䫎dS\nP1d\"p	$kv\rV2tMDDB7q܊wM]-S䌯/u\\\0RJ_lV@qr~\nn\"k?<(gERjK\ZHtJ|j$\'0=Oho0yKn@ZPrFp׮rJ$M8H@rA_@69&86=<ǖ=>vXU7 T%Eku\'N4VǶ%`YV8ON_nҐ[	AmWX,S8=OSU R;S\"uÕPT}sQhz0UW6H_K|?p5w)tyLA=O5L#vjJ\n#Y~1>MsRewXjb?#t=QKD}XEM7*SR&.ALdaNSt&vRCLو1vtHQQ 2Ɍtdvmܕm,5#(IbGP>ڷFճ-\\nSzt;d\'\"-nx[pBT60_l%B!{\nI䐶\"Fy]1:U-PwGA$\0豅m}\r[b	%,9˶qUh4p)ds#>׶48&(pO	H׆ٷ!4󴟂l\ny:푌ѥ\'e#Ei_e[|V$3>S$,T=t.턓RݞdOG?e\"FKr1V?NR>έ\'wƶ*mjh|%ZHpyGrU;:ȥr&ZLW[8 vgVJI\"f.F$\'XѮ$l\nG.OhpٴZ!Ϟn3Fw~di9kaEO1=L᯲q$tu`\'`Wi{i8)y9VLgJ[nOop.n멄zr%Lq,4r7sϷs&MަDe\Ztu2MȰL~+Izuǹ\Z#JI*5[SFb E&-=7RבJil O~oSVV)c%T$@Pu:lON$y2Uvɫұ٣1\\G8W$ԫkd;PU\\*zzvu)y;U6Hr/}N3}Y6[@))Yy=puW(o;-\Z=4$ϐ:]\r]H7u+D\":]vm<9۷=yYZV(p)n\\\0MLiXpo[׳+v[SK\\ą2C<)X%\'Y2S|0<Ro}t{SYR*u57FXЉ#u :<y:#n6ǇsXQK<DȌ\'ȑ?6/z2|\n$SS*8Glqj\\ .WJ%:1pBtxWFSpeϗrZҦKmO1<@c\nɎ^Ff|\0`c=z%JCN4Gr|\00T͎YC;ceMzU\ZS\0] gwH.NUZv(^S(Q%q[\0nueW7q#!Ǌ_qp^يu!^tN9\';d\Z/VdwExw3>tVfSW\r9YB?Ny3c\08R>u/!.7\0G~Z.\Zyc<G\nDNW.:y:[\n\0P)q2R-}>Ⱦ[+vc=6M]a960elak摉i%4,dNYoլWCn.%Z:l2*/B\'ER9r#ᐆػKﵼ03#\\0l:7\\`pH8\'Ԭ}4Zg}s?x$HNGr6\01# 1J@\0L%+˄ׁ`x֐LĘ\">_Ez[ëP@=qiRB[\\ry`WAptONo-p)N\nԪ\nT##s5HjX2\09 wǹ#w秋+d\"{\rs]YXy5Vt`H/~dTJJ0:M&Ю)%%RXtuX{9JY1\'@>FɨhkHQG)\n9InއA&`?{r;U\nUEcd$̧cO$ng~mg$M$zdmW#)B\r\06|q%I+[~}Pn\'etp;\'z|	USr!ĢH捙Xclɑ6m~#m˸:&ic 1\0$$X*<EE	r#Lv7=ԔRƱQ5@sP!I)O\\\02p4TyŇ^1mknдQ\Zmn	h\'/N\'3:C\ryD=gKLk5$5Ƹ\0y,Oou\r3G3{lb~e\Z!?\'9譳I|<цyRP[H??{vka7[Uꂸpp3a@8^s]ry||O\0qC#vZeS!pAVήbUЕ  Gm<%8W5TY)hv#ôƽx5(!irq͓}բlto2o_|u#QJiHt1=*NbHAӧ۾-*kCQ4l*3|_MMSi%&J?c\\]^GQ&9]$ȍ4\r5* !=zj6U=պUe< >ԧLоOM?\\~Pݑ=$$/mJh?@Jҳr1I/Ԉڞ.S<,O<ň2)\'Ni|~l\n.Vj:xxQo]ʦZik0sY?vfP[c>bڟzP)Kl.xo6Z쬭c-ŚZuK*a`g(y\\d])\0ٳm2|O|>m߳*wUfFbJj^qTDrfrand\rwJ͏.RTN!,1$rg$g99γ+,_Vm٤ߏͣU	5Ox	3TI\0B8Aq\nqWRTm)8hث+REF=sqP(\'XtΓhj;y={2;zu;#5(lw퓢F$bY.\n:*ƛ	@Mabi$QWI\\XA6_\0\no佇F	7Rg%e4w\rG+k(fS`LK%+wwWoYQuW]GgSVH9&<AR[T`\0<*I,Cʩ~A=O>toGˊa(E[(c*#}Uᔝhv9[!!RrPXV=	rҏ^rW|uicL,Ǯ}6oBjtƛG.pFX{vꭵոHup$A\'%51VNַQH$erpyGL\0,\Zkb[JZtWbD;dR^tmwETZ1AD#MQƑ(ٞL9l{\ZlX\n? h8I`e(H#.r@d]/wMӏ>WOJg8xY݀5q<,Vix5\'҉5O+Ej ::{$biNkY^ziA9=K[=O	\'\'S<ۊ #.o0qCkYk*6kԺBx+R14xbce9}\ZXP)>OlbϺo<LG(_)9ʞ\nȣqRٔv;uTi.\r,Yg(쾡[s鬼m={ܗv!jMSS2\ZF yIct\'W7u>O;v[aC\Z\\mo	<.0(9z\r\'[3^]4X`a5	0c3/˞{IEeb9+$9*[*sh\'6N	=tH$RHo=QN#54\'oE\'(\0iWn*̐O@z;~V)ou4\\#rp]qņ+RXw!rVP2~?qz\\Ff+2OI,k\0JV{t,Os)/J?kn*[CP`Z-e4/;o*]r:r-<nYo#[Kru炶g9#$Hot 9ܼF	*$TYIp\00R:ab{ߞF0 ѭ5IȚz,SE\\c!ӗ:HKWn/L#\\ggRR)`<ĻQv#VsN6ۄU5=~,my+ퟗ\nrfq׹e&\"##,Hd<CnǿQGT(ZCX+Lsdoŏ̡;&E^=vrYw$OLo>5t7&[9{Wv>r}]I:ժ<Oϛ3WeH**j\"/:Ar>:;$srm-\Z!\0w׏7k|DV|-KrU\\U؞ 88Ơh>=pb|dzv,\0aN7%*\rpd/\\6Zm͹j|֖D#?^b}=:\rL\ZUN{#88JYP	&\0i)C HI3zRH̿</m[mҮH]䫍ONv%O/Ot펥,4)Ywj+ߒZ)vHQs/tƲ&Q43gݗq%Z7M\rZrQH/(#͍P͎P\Z2/Ѻ<\"onY(v6jZ^CEmqp=b#q3R\0hvJ;vj*jhk)5HFW\06;ס9b|{B+C?,P:<~q^bg$|dOE!\"f,HugkȌ1.ib󎁋2H|5BLLZ\0E\\\\-a[VGj\'1?W̧뽜S~+pÈy$$)G?^f!=NT<FuFkhj+<Dl˽P[FZ7UQ4oWBSJ@g(h%OW<xqp+G]d Џ4CcA@\ZlC	mڌ߶*6)y\nvUR?4!V0S$iGrvè:*Lf&;u+4J\n$R^b+?ˮGI)y̢ҢX.\0\0\Zv\0XUۙi!qs nڝs[Q-vgY*#>ye,g՘=\Z}Rб>-~^:mw8T֊\\5w[٭5D)g* \Z<9^N_ef4K\\30=	˷d߂;q7g67nU_b۳pS*5enX٘s;͎Joͩ>]J9Q\'7\\tn9LѬ\\m4~#?V/7OI/6ZQJ9_,Iߧn_}Kώ֦/MO1?љm7+tEy!N`YO+\0}?n\'<2?ApqԒf|wɗCs8IO5aC2,`1lB0UAI7h<bxv6M-Dv0?\0H`O6@bF%5Њ]Ďpwqćȶ[V&Cj,X1@ɑôlڧ|*S24qN\nƠQQqӴP_OxsvL%U>*:\"sz\0KAIS\r+c\0m;{Im#4RU,$\\T$s\rר\Zˌm6<]o\rqTrFO\nTE\Zt\0w%?AA驟pBEBN~v!r:ћUi蝠=<u\na>饧48b;zQp$9s]\'&-hh7ǈYCbvL\0=*W\'t!;(\rC*^92rqʧ~j9Yv5?\0p(0LDi2`}^\Z//j]`Gh*OU=yQѹN4[+TҪ%j\"is*	d\0/!e]Q:E\ro|xҵe4|0TK9E(eFyI$9z7,+Gqz=+JZ8yanU.;m\",9ߧ];؞or[8=Oom1e)تDKRVcW$7jHGuA0JpT5tG[Mwݞlpڨq@tgJ0zJWQ\\1xx;Vr{Fcm\rpg1\'TQU\\p9J\ns&B\'\0vݻ09Wd.&lpJ_IHXKd-Nt)5|p^k(YjeK晹ᤆq#zj^E)Z^	Y6\"D!*pJOSHIE߃OxKWISlA-_\"8d¡\"H4_F\0G_\Zݵmv[]᫫zj0$V=N{\0O!Qݿgп@z//ǭ/g2[z{-ӸU\\)[eRpB~şعp߅Jx(o&jZ$jjH46$b##\0$xK \"ݳS}*٨&lӬΛ!?^lvPWrы*uA{hRoJ)\"w|ª:ӛV $H$nNRcI\"xܫo7\rQ4i%kg|gF9XA9W7tW]^|>ojq6lv_BּodUS$RrGQchQ~ֆIgC_tѢU7?3N:B[ΫETHR2.g\\4pMx?k%+sGQw+\\TE)3VFK8*d-*$iugתYo.vvl\"PIruyv-ɂ7K̴#bNcӱuY-ha\Zs^nS#R6E<`mZIH02~U#S{*x-RZnPǓFN#$.{(N=t34Re>ⷈ\ZM|#V[U/1g3r=pu[*5XVrXj#?H4G\\/0:0G멟YER.l{Z\Zv2+[u\0vӦ$jD\'؟N+[\rw[\rG|׭\r5]x+bf.AK̫E\0уڊlGÛsS|]cl.6N>Yu;6t5PMNo^:<P:#990I)Qq\0dpB=pAk&SaF.C3<g\n)<x?5x޸klR?ÖKMtI7\rꢪ֬	#%~`\0\'mjCM#^1fۖ)[>\Zon*\\JZFEʏr2{uoS&9T/QzmcKW^nyl-۸\rޢdPe_-YSmM_,vhW<ܜmk-}P\\-AyޡXdQ\0,@NIkr42+-iְPեO !,\0	PHTΥ9L?l8]%۞vnyZ^vr\0ee`suS\'qzT#7$φ~3s4C%o{󚥄TNW106\'~^\0Z\0IpN5N\0%/:l}<CSwܻ\"\0{`F<noKisrq8ѥ^3o[-튨\"pa奖FQ(1rONGqE WwvͲǳ\neIh\"?*$qNRO?+CMusmJ9dSJcY.C4\0-_X6V.ggm-\'qq7?,#y@tA#_%#_[eZsXT)̪sʅyJHd*ttLx65=fo5QSZ掶$p:gBˎrUOy!iiY+w7()bp_W9zg!9uŞ14ppz)X+E\" Gck?X͋g^..,.⣸ZR	IS8SۧoK*$9,YZd{ī\':JJݘ\0pJf1xysM)\\{uQDO݀\0m;nf\"j槌aߐK6;_eE#.\'UE@L>Xft>\Z,%sökG#\"?*$NfaF@|kgᢛ~gjx\'yF3HCg\"\'a2X8kZ#	♩X+pA^v*P֎+ˆІW)|+>:£A,[\'Lc=Ƃ7]^r9AǸ\Z\"J*[qPM֚Y$Sr\' ߘ=$ $6FOF/}ȫ=%n1hZxJ3FIHCj8L%.;jz=Lo;պXE2°A+9@e^K<D>-<=m[V:tPS\r=:FEr2z\0@[~~|fpqv5vr%\nb$LK\"?2?P =H8FRS45( +/+8VKkEiSʪT)d\'(m^s&F<RdUu3y`@\0-Jg\ZEw@q.E06y>ywMtyI\n,9sz=z<cOqK98%cvsӶk\"z\'Sz\0h}gkݛtUpaO|8Iɹh*c4cbF# p5=..7=~/ѱ;Rϳ!)QT\\Ź֒\\d)\\̥\0\'$|R݌z$f_;$IXk]Lۅq+V:5*sNr$i)ѽR+ErMzR-[d599TlfB	}\'nނ+G娷XʋAS>Q6U;f$jFӲl]lKn$SeVxʣ琕9$|l\\IX5Ryٵk%h*$Z5 1:\"I됣\0\\dǑ⿏MH`t1~}I#ӷ/4n0,@?LyBǵ./.\\S-×E7%\n\0jsvR,冮<:L~U\0\'RyO,\0.]n	f`yIq^<W$\'s9 rEޅ9OGV+miYJ+Mkڌ+ge%H(%s5ŋJ=tf|9ꝓrdPg|\\eN9[	9\Z<^􉔣; ~%\r%eT[s*\"\rzji(&5+,\\F\\JődZiٛ%oeHZ\"\0!t=;Q}wW	>/CUl[NࣥeDu\Z%Kt!*@\0utncY65kolۈZI<B*<aȱc΄ q[!<*;̓ge<$8y}h>ΞpOQ}ږY%B%=L\\|:h	xx^ϰXܤXi-+U\\,j쭆=Ar;I	n[g\"\nUE|	l` Ʀ9tD;Ʈ^*m-_Ok4[4eb=0M*.<$E޵\\T+:5ޞ)O4qu\nCܪWƯ:`ƊVWGw/<GJkM3I^Ds,1~ߓU@:t\ns::e^x4rQTTJc>Z ߔ}5=l?cǌw	S\r|e\0,H,h_w⭳A,77ȼϿ>03:VRt\r팭-n4Y$qj}lڙ^`eSnr2~;Ų[brQz[QDhϡ#<>N2i=1gTۊwYo\0D`G2uBF\\L\ntl(8`=Ѷ-,i\"~:婑0_1W2\0zjrE8\"2ՔǏ/]lR-\'*C0e\\)=0v\Z\'|qoѫU[ШUbfuV2BMxVf4Q6m.߼>i=dF4¡DD@];ǔ\0?ۛfUm\r$*_T3~54\'nm5\ZJy^mI)eP\Z9$yclv\0O\\VשcŒ&y\0Pƀ\0{In^wmpQѪyp9ZcR|\'ۜӟ\Z\\QR\0k#~\r\\pP}LMUd+$ē&T(cI$c 4<Eo%nSjƜYHMpz:[*lhxz{]u31ul~L8TX(dΟNޞ!]\rj5ں\Z&pO>	ah]B\'Db	VUġ,t1WnJK7|6<;n*jJVB4	:>Pps|틨\'eדA%6muEUCoNY`K4ehiKE(lZPfzclk#rjb)ݞ<Z%jvT$te\"b!=ν__I?uϖT_I|GZ&*Ϣ.Ys$+=pЇh0g%	T\'to˕\rMc\n^1G+#܎>1^ho\n\'7?n_^ΕnhwQkUrH%A#1\0n\rӻaƴѢYR{:b1M[%snI,J55(ԌXr\"?OcI\"I[5*d(MoQ-G1,rS91$}2A\0d8]\0Ŗ˞%p?<${6ik(:t<N0W#xߖTd46Ao!dBqܜz`b}5ݕoCe*:u	h\0&nf>*(x- >Y+]KJA	Ӣn\"2۷Lӆfr{.ANڭv^h₪#yh GSCmݒFj*ZBr=)I_u|en[}Mʚ9)֕`Ceg,\'y@L?Z89\r{״ӘHĞ/Jx`c|Lo6d\0jh.\"ԪU\0<ާs׶yrvw1ǣfYnSCIr\"@>?qd۷om7)I*ˑ~}huR4#	=39%rߔT&O%KECAm *yp2c\n3i,B2Ns83c.0Vޤ/\\${$~\\/s+cnO]#CƖE^?\'?jdċ]\r2Qp;_\rjWUHZ<>(nG]i9\\\'\"VHʲ/@AqeVqxIcuE*yr[7Bzk#6)w}3?<3T\Zjke:8T*;stzgYJ^]l[o[-<N:ǧ\0M^Q)4GhEQѕEO*\'ԞGKT|98?ovrc2\n5P\\-E;=GfSuXc^9xKɃen&pnq?ksKiv7J˕3i	d\0u(OCӨRRBX[uTR妷BLq-8.\n3SkSѮDt$lg\rdy\\gQõyMxlr4J\Z9%ח8 Ng	.r+G+\0Rb97jt8\0\r9WI۞MJkYb\\iBbuF	91=t	r{֏gdQR=%-4|bU`yXVմNlV-o]\0/GSU׆*+?$H6b9	uThm#7XOj<,1 u99ƳJ[Wk;mɹnPxU\0NQ\'sUkazc6(O:chhE^Dk A8Sԓ;~tBitņ-άT僝A;~L[QXe6:\r]8O-c4|])PA\nDWf.HLT\n]\0,XjhT|7>/N>#]@cV`0d1 `r .E\'f#b^ܒ&\'Cyї끁x,:`Z4]6-$Q&eJNC=nl~~԰)#9Z,6~\'z~jiaxur?ueԶU~\Z=wN\0rb&WLz*Z.rEZ8i\01vݧLGAcs/6OH蜍3\0\0lg\Zf/g[obq\Z$Z_\rW5xgR5Idt(S\0}5ɔwR]*dR<x\\\0Y%ڶ*<JQ2Ƅ{zgK_bYȧv2SeЕm \0\'KHZԎ]cdRQ5q/#nKmS!1;.<&Vݔ{\rC{ĵsl\n}:NH	frS\npWm}瞷qk,mӼ*/$ԎEz}1ưYtY\ZD(bqz@taHp%!%i9NA0$VsD4yg+4<\"auMq.\'ݗ{7\ZmSm͊j$mR\Zz0s3 A7e<n\'G[p\0[H\ni9Ǘ\0.s(O.HkG5v>Oj\"MrWSc*-߷6=OGψ^xui<y$uS$7lwbag\Z{vFJk\Z&DhaqoO]V2QDS_)aZflGϰc(!^^!2%GOnuVV3[,ZiIƖ\\OJPƞzQuGTq.x[ۇbX9^\nyX3u>㧮L{|NPznwi<c0U@~λOL葮@^GY[5r&,mKY~tF}Ǔ/f^;{Vzs?;V=I\',dJ4rUL$\n:cL*/#OSh؊uO`S9ƣI@~G%OO>kuGr\r4_iƮ2f?Zpil\nܻеjIV>\n@[9a\'3^\0Fi]4Rsг>#MBU3vlQPس[lZFlcg;VZİALɑA|t`r8d7qDXʧGV\'9$\\c^<Ķgu[45&\\(<a;ZkfJV,ힽIҍ8vU5:z/U8S^yZ8S5ׯ)G՛iR8|pF<M}»~綂05󢑗T8=F=:i,i*D\rSê*GS\00ji0f}O$Bj7}gS/ݢ[^.U\\\0HqO\0M{[])$HY[9WLmlg@E]8ƃpekzLXG1%}~LįS^ds24sT$T<2U?hޔ[*@8Ў\'߆e-ƾ7oz:s̐?}X_Ui[tHk*$azG|u4˨ڏKI%Z|aJ=]/8Shf$F#/!\n?ҳ*#\\F㣱-DRNA?\'F6靛zwv\"G#S(%\0uu4!M}9A܏~PA^#xxᕹ*(h<y\"su$\0Fz%>\\zF5o-8׽{YkAwcoҗ5lYR%DS³d(EuBx{M|#O\r\\\'`Z\"5IX%le<ɂG/! ƎpOR!s.;B^x%n{ym.	}mi\0\"̹9tsp.,\ZP͚/՛r#0\0M[+6KGX$u&\nKnqJ9u9k6q]vE\"*#:¢\'Z\'n\Z\Z;Gh̞-J)FԁLisJ&^%S]Y-N9s`/7n59$ڲT^]M婂u<.Hq&VOa[JJŨ\Z8\\ᆿySqJߛ-J,+{Nnv*SARGb$`}7/##LrO<-S7{ƛ=IM	{@\0\0 )?3@fS/vvT~lv^=7ޫm`YwJQ:HBĥ`9djUI\'\'@8s.iX3/OA>#6)KCP`J;1}>ں^Ht3yI{hr[\'\')b\0v\r<:ԼZښTӧXEY\0>Rç:nśM/MpZEA=[|K*F\"-ŞQGM6Q=~Ci撾)#I\0]b/c6rTՁH>\0nVrpMS,\0Kcnt`\\%;D[}VR :}GL:W_ֽq*?]+yV 2nqfrz$\"Hĝz&J͟g58\"jx<\nIfP<ș8*X0`֗Ƅr[g}~*,W$._I62;6eYqNj8(Õ*\"|\0*y@?u\Zbܘ\Zw7.ݦ7JY(\ZATB래?N{1qs3HSΘ%[ۨ&VtNJE[ow\'yU\npH֎/S\"tK[*ZU򘁆V\ZW;*\ZjH~/}`@KPo6sWgzOgNdePޡU$mmI \Ze\Z*O墴(7xj%`3\ZL\0-$<.$xuw7\n¼̾j(^a\0Dk\'\Z%K⧱6ݵ]*TOOwz5c \"(EhI9e4E)#!jm8cn7i.i2\\{wY5J>r>3;N].1 jЁ̮0:iΒhe]MQ*`\')(`)R,`ڥ_dJ	Ye)Nщ1=\\uOHA{nAQW4f4zmorɉH܈(q_B{\ZrUVP\Z}:?NZbc	p_{RzcHr3*Ƹy4{5Tc|އЗx)  Ś{qܙ#WU$*:uL&4cfVWMA-Ʀgi\n?|tiY#-sGj|\0h8)#H0N	g.vl\rz@c0;s=Cd\04Y-{.淚2ǞF0_SX猣q\0\':)`ZF\n\0lCdl⾪?j*-[dVMPGyT0nFVR9s\Zf|!lYնRO[%Pܤ3I$, .Ba0N^mfɊpySxwIlkRG$$ 9sdrzd:W.Lb8pM\\5bϔ\"TH=\\9?,GR*jڲ$t%+wc~ejrwTda<)3}j`YFef)rNk~>HV#\0Rl=*ƴ\"B\nϊ08RxUҚI#b3tk{ъxq;tu*w9jqJpGz-F\0ʢ>RU~]6qzKF@FpiYI`mM˴?٪\n?Ӕ=\ZL5\'BaG\r7ѦkMVxϩGUzu?sK2ٹ>8?|<ZqR7梾)ań*Ky}pw׭U86It8opxݰ\Z&JYblc\\б6EWy+g/C?:s+JSd\0w]D3B%Ir)&@/(r:}zk	ey2~\rWcķ\0(h)h\ndJmy\\v\'>PIKE$<b>$%2n[h[(\0]IE*Tgs:!V`yO_Mgs)aב\0N!Xy㷀v\\P7WE_8dVRW<0:\0~nfIѥ<HF+4	gxQfGlVj %D8ﭬ$$bvV\\mY)c5R1\'tGXqCҢ.K8v/{ln a\0uFWkw1͒e\rPWВB\nj߫j_$%`\rFRU[b}Ѹ;5ӹV1먗\"mI(菷Vzt1~!疕e%=yz祐!KDT|,w#F1ӶlKAoLMJI$g?\0x\ZkƘf5]Ž)ʧ1gE\0sd`}z@&=a }:LEڱY~S찉:1%b}	V		\r4d3t0\rΝuЎ!\ZslO*Qh1=8\"rGFJ.|S^j\rzf{\Zfc):DpljaJ)!KT\'@U!	RlKBѶX \0~ĲAN\"-zbضꊍ\'h[Ȋ2$0:\\mhz\\kSmn߬j%.JQ-w=*j:Z\'~5mM}Zƅ2α7cgXez0$t>7\'a3Ez1)vD?n\0JdnJU_.zq4%Q:M]{?\"jn)K\\PT,!J<a͏r\0ҩ]hΠ:(%ml⸑Sp[mg=5S[\"*JD9X`\\ѱ,iivULٜ״-eDjo#Y d1EQM۶U*CԖ:*:)+\r2A}V@B3%LMh)om?bDiV ƬtIs?cϕ2I\"s鹨7\\εk\r<E)#\rnd<8ٱ9ۢԔ@#jdAs\'@L54IfJd\0\0	h%uVߌ,B(tz8Tł5Yě_C425D.\\KS%Z }Ƕd@cT[l^A5oyP\'$U;TJd~Ld7VR=5e4JtV@y^0	Ӯ/-1a<h7o9PSy01Џ]3!9-Hp\0\0G_1dOo+[/V+^~{0x:ʯcҘ1;rrʧ%g\\ \0\nOR䌞\' xQG=;*4{^+^.k}vI#8U9L綰sz1MjxY,A$P̒9׮՞CΎubEzCN\ZXD3HeQFYI_J\n.м\'hxQ\0wqJoəʆ)ތt$bNO4D3:R\\-8om\Z*\n~ҲUCY%M]TYiLJaHd.Nϧkr4^\rqaO/j/\0Vd25,H̬.\ZjдRѧ?#\\eSTȭN@bqCxh%4|o틹MSDGۧq\roܪ4<˓\0,oTYRGR;+g :\\ʷo@GЏU}o	=<Z\njd9`I\'_~Ir򨭎qp,E!埅Nz{u2/3P<2yGq.\0s7}Kov՗jE$T+? \0`v${n2rV\ZT[-G0N2C5GG9ӓ!u\'TjX ,`St\0MR^FZ|1)\'kanTKʋAU\\~}Vw[$+\nθ, JJ&ہ9Nla-KG,;U`6ʽm-)d\\i\nY4H`nnQА7`&l9#yOoNv/{&YJpF4ve>YosGL-.K7N8א={?LhNnꝿ$XyݤCz\Z\\Ez|텳%xM~qU])$[hpH=@={zk$x^9wl|1B@\0Vj !%<\nrzc5)Ѥ_	OvkUȒKv<?*DUgԐ0:䷦&r3\n7_\0((mA#S\n\0vBq~	o\nǰ\nhLr/@?mrX>}%o|hج5)\'4P1	\'utedg<o$,E\0A\0ϜyBb;1b-cz}pMmu~`5ٚ%xUڜwP[vY1.C}>C/1Ⓣii>anMChqMuXZtD}O6dպ85<&xadnjp!,v/Fc)H,n1908RxqF>2m<(q6߾=oTHI^e:=\ZfZn`@A0\ZY_LjY\Z\ro4*Q\0W8褖]\r^Uv1}u\rJxap	\n1O]Cw*r }Кc+6Hf/\0u:GV+J;SCAbIm+t.@Xdc\0D4KGI?°c\'I~E]!rΉRq\nD89Ϩ\0ƍ4FG\nVpԚa{zz=HA}FĀMڡW8S^\0\Z֣wv⋉{u.JMҲ*!\r;J>VE91$t,FuxFv.N׽QմqijI sGg=G&ǲ8n]_jl+HM5Eb+r708>\\<fo\':Ů8ni6C\rG:KR9O#Zy]fG#-cIj`GVUi\Z9F	/$;I8&ٱ~$\0f|mq	fǑ	9>hRq,<I\0 (NtDB`䨦H\',3ջhN(\"$jOx!K:>jDӠϾEehCx8VJՂDA,\0\0O@FɃi[\\-c5S|xhB1>4hjZ\"\0\r-Ầs_#_K{d,1N@lwr\\ԠL7mk}UzzQ`TKc8r;,{[e?iИ\"VWE=9H?wblJRH-\\1[ꨐ:q/ḧ_aQLluTD\01NI`rKH\"m0RE&YU{\r):a\nPc\\*2\0aڰBzE%*)\0zWEJN6mb䦡I\n)Wa>M\nԘ\\B\nЪOA$M(&bN{MYmj\np;m]E	jضn1<?18#ӨedVdF/O~b1IJBH&5L&s=AP6q4\'BV;ٯҵD7.ul+o^3^xT.ېMcXDAy!2A\\08\'l49T,e`[:I0<\\[F.N\\n}ak#޶*ʕN	#gÎ)\'NH>j-B:kbߙcCGKe\'\'-+nb@#Dtz\rL^]AU$Z G{}JмuPPFs\"8=@Փ8#׾l몮PA8%AuЃ5TblzNid\'=tFH!>=mMٰ_(nO YQ*#>Vw@N>J/wdJz+JlTV\0Nˉw-$O\"Xٓ3\ZhN&#TR\'HW\'W9\0QK	)+Y|Ct{R&j%\Z@Wd1	\0ьm\0p?w[WU2QTZrK.t094~`pN\r|&@Npc+vUm[aK\"~Ѣt7w6{\0܂dKN\r4q}\0MCA\0$3?<@ڰvuhUV	81Mg./#tzA1D:}>$hzwM7w+\07E^\0=49n#\n⫩zyQ|zdl64**NLc:<W=vtV8Lڿ\nښ#UQ~i4pꌤCE9V81E\r\n+S(=z`\nq:҄0)ۊ;`KhY&6!1V٥ 5SFXQO?w?Q\ZF_Ǉ+x/(GbO˲ة.t\Zz-*YT\0	th,=nvn*(̪)#O-e\rW|\\ڕ	}\ZP}\ZVQq\"xa~&%)%0ѳiԢQmn%YTP1~Z$B^ xM_Q-<M$I\0m\'~TLHE\n-TU-4Kq9=0zjcR_bO_|Y]_B\nxo돦Cqwf\niɍA29s:||F2!vV\Z[\rFy#,/oQ*UepAP }3a\ZvF;$$DN}D$\'vIp]n4Iʱtp=_X[n*kt\'U@7}2>udgLvS/w2Ch5d2WTct4eU,\ngZ	kcS߱Bk5		ҧB5FU503J7+?3tXɻv}5U1	;2t<O,-2/+m%5J+ZY\ns2t==}7(=K,aN\0{[JT_YspQq 3Ma%~Dͥl{Uj&r=@SfSV<o.aYΏThzU^L=N=ccEd3D\nEiӖDC驣@:AӐмĢB#\\{FZq~Om-Ħ\Z]\r#RS\'1Y#a2sds0F~x/w滷poEڜbJӮXc\0\0\0KW§w6Ÿnji,XPJw0rĜaTluc%exI5Ef^.[Y/Gd̹^\nuyWP1T#`of\"$^>)V]7V\Zlډza1+a<;Qt\\\\)Ŋ+WDخ0A~wAMǍw̓]fLnd2{\0=cs)ӆ)f\rD5U}m+5mTiiw#2G\0g>7__[iTGc8dH=:8\'[2-uETxq7ƪ>Z!go֪:xW}I:_&_|8RFx0\\vzSbdsd\0\0$1ʞ{\"9[6gJ|U_(99==hhxaGTvqDq87j~9da($v}~説jR-kw-(d\"!O8Ts/%)x<\nRMp՟#WF/Qj\nF⧯HA2y\Z$H+\"2Iʇ<A=-<@䕏u,sӷn5B\rŪ)iLTY9U]cGN;7XwFQ21Fq?TWۚC}E-DrŹ\\=QM{*K%\rAeDɟDSvA)cMQ0ө:>6{5\\pG}tqA;LCOtP2vlZrOBԲIxV\0קM^:pG$[Dȥ]D	\\iZ[Y*FUzuX]7Do$	RLH2f`պ}q])?\"cJ!&iAQd?=SaKʆFS#rŀ9:ŮҨx/MGl@XJ!EvP`^6w(:7zdhϜG\ntgK*o7S4#ܱҢSu=S0(B@W\0;vtM:H$\Z[Fxfݍ,Do@G;}n6x8Se;7dŧ\\w[}7&hYp2Iqhjr\0)@E\'cKhalR1ruP#wHĕO7-\"cb2oXS4*g-\'9O/!#,x֖!kEYUt|2ME:)рWzؼ\"bsބh]XGc6oRyp>`=G::)LWEոV*#LU#1(*AF\"o3ĝtR\\ȔpQ Fl_mti \"?r#o\'EׯcOO}\rƕ,1UU\0\0#\0=QiV\0T+遑Mšm:+]juMOKW\r̪Gʣ8p	?X̲Œ}\'9%M_z<Q(UY	%$`}YՏ_4(zF1۾1,ʇC\rH\\zzs!Oɏ?LV{}t[dP*jErzi8厌Le&[n=$ʇdbm5(?6Xk-đ1t4+\'ahbF@`	#<$!2\Z$Rldo\0uJRPsPLEy\'yӑ ױӺgzwIY<<g$h4!MDeeHщ	ԓ@k%CeUrnH{rI\Z,K%\r\rKZ!$kKgvG>mboK,5 52\r<4ȠEf/F%8fu\Zn_+J\0f$)2zp:2XA8\'X85j[xCꫪ/2+LP\"DJ]r|ʟrJ~qP_\"~pmnItz23IQ̮/FU?Cv)G)ۙXwj7^NΦ2I`\0$\nJ #A-hv\ZL?)P4MT\revZ\"K#E?j.1+\r&|nlwޗ]*kY(a\"j9c1*A?83?%Z*w&}sv?w֜d4GzT&3RFVBi`A=9yF:jh7Ą~!ŞWvZxT噛%\0\0rUpuMEYyO?nqgN](N7Ձ>\"6ܸJ=0JPE2>V:=/zrT.ɹ싋ZT#ORG}GMyaT3CL..GrѬ\rdỞXX5\'{UvVhT<O5xf	mɋ\\RSElL4#\0@>׬E3ܤQJ1ΓWldgE6ׁt\nu?]ɔghrEVɔSORWZNݏ ޮԸ=4HQ\Z,v0zcY) 2eF+e\\uI#=\0MEM7%<I,dr:*@plHHe2<lu:vP	r>~)Xwf*s,F_SXEFơ O.m<t;g*fJ+\0y}jm[d_T3xNmVxjzPס?MI7g)ɭ]Ic\"nPaSTcU$qJiU\\?QKDceIա¿~e$c~\"MSr<|0=CﮌY-q/u-2d8*	i1N;,CJ%^t.pJM\"I,o5CS4ToRyIYkI+fz5\\s&HnF>QBc\neL_û<^Iw[B0J$ Q㦴!7#}|?D|6\0!\Z8U\"Xu=r$\rn4WWz{Ve6EZ7HS@VQ*{cSI$e$jwN\rjz-aB7/,}UQi|lYcSC^o#	;ktK\\	g$`&Mcz=G*TWo4v{AT\"%$/ӡV:/*(4zR	D*yzuigN׵\ZI5˴&R;\"Ӡ(馠gޅ$Q2Q(.nUr::ʫB\0bOCW9@<SrQoB05hy(2޷AT垠]iP9:>Gg<^9 g$gYhl]ߪδr债\rHӿ/Lz:h?-K5\r)ϓ\r]G-E\\Sǰ\0=N\" 7o?8MEhXIy31͞C՜NgHeyoFi:l7زj4\\	11_ʊJ\'0`qMJ[+QE\ZQ)9\nF@Oqn=nl\00zPu.Pnng83̒}q^榹Q%䌣hsHO`eKO4EQS`e-P0+z\r=}-{F҉#\"HԜeU鄒:5&Uu[\\VW`\0zФWM3Pe4738Rh(lB_$eeh,:tY4	O89]Y\n̆O1\"q8@z_#IpV;\"DyP{uV&.˶B#4AM	&ZN,ߋ@\"j\'<lכ/+Ɇ6XO`#;@\Zbn)VBAnnjU-w\rj;}RH,dAaøߕ[NK&*t#*ïPxY,pB#e\n\0CN&Ȫ4K6r8$϶ZIJ,r\'c5ޖZDl}tZ*{\\Uoۆz8%P(|\0ccbuqĐomsU(TyS\'9Ou);nϝ՚m4iy[~c(\0k6.\r=澅>Gy@^K^6s^}Mx`Py㤂@+K[a6$OsoMPH$:Vá\0\09ueԞ6ڞ5mvCq*k&۳WWOj&\na\n9Bt9BRߝOߋzI|pQAEow6\\4jĤX|̀{c綨[,Y.]T]mtIFdGB@ː>%fmǻ7bN~\n]C}UuAR\"*\'I% ɒbGmsR_dK(&ǥJXJ{Ɓ{H&$Ī]fJsHESle$*A8u흖J %W.NX,Ǚti6\r-SRJ\0~J܉7lp掖\r%*XF3.7jlΒ<d8\ZΝ%dTC(P0NGh^Ց4n^_dU\r9\\uB	GY-,@?)D@qdmĉtfnGA=7Z\"|zEO2|ri[bp9]X/j)sNş\n FF9ݻ$K$T\'=-	ߑeZ~z&`΀;En(-@dw\Z:k=ꀗ&2=i:]IƝMʵ<#B=\"K6Q94#	5fEm<ۮXy_ʥDTv/k!(iu2ezSE\"\02uy\"Ԕ@(R3*p~G@MqV?zw8U!\rf7\n[2R yZ_*RGAYBMhji^ *\\Һ\\͞듌\0\0M)82<rrŪ[*3A4R /ǧ}QEWO(VƖUAWEjs h\\,:=q\ZbROyxx5ƒbJ2)9^_^\ZY+%U	jiS3|59$ƻpjFfd=i>*%ݫR\0-:)4γ 5ĚC`+1ι;g5%}N\n^:*f7E zL	w#$M-,]mS\0VB36cvhl(fe gGL4J[UBB	ڴIXB(e.iej?9M $Štk[`yUE2*9\nA鞄u׀d%eKc5%֊v\0OvytȱN1-XK@G/^9qpqrTӐѹ-if@\n4Yϻ( v:*frzc_:mz>75y3+ۗkR]=4)]ٝ\r?_j&{#/7⚎ٳ:\0z\"1On$q&Io7w*Y/\ZKIhl>S;_e//{~kֲZo]BCN+`F\'Sn(E%>+*w-J\\*U̈R0V8\n3\0t]n}~*t	0OA&T~7/U6]VڈD<YaK8R}m)\rif&ufm+u\rLM_i~\ZBUl7LnyhBKp}_,(}sdYhU׭HW8\'TG).`_.q=j[0:\0uz4txENN&	۷M\'0\'\02jEԵuQ,F:oEZhIKؒF\rm\0WCߩ\Z\Zcq:!Pc`CS@eyt[Ӛ!\0Ş\0\\ii|f9E1-sH8_WItWzFNUTzkL1M-!|a\0EQchJQ4g~V\nkv\n^k#GRAoY%x\\*!ȌzSLTω7x=Y%kÕNB8*gV vQSr0!8|U+o[I#R	\'4ܛc.uY.${kIp va\0k_\"SI8j-B7{MmZ3Jwǡ^3RI&q83>ܱ(ʏM95v3Şٲ\0\n{nKͶZi,[*$?4˖uy٬/,ïUN.1.I2?H9d#=Y%߾eqmhz\0\0ƪXj!&҃qw~괠Dc:ل<z3Ē.+  Xg=3ЯAkɐVK~ڬU\ZF\\dbUW#e7K\r/HEd01l*ۧ=OM;dŷzsn\ZҮ/[>Bˁع.^\rxk=r\\+0iIzSM-sCW\\2:9~[}e*L7s?ƮCQG]5*\"J[n\n*;)Ce:]Ԙ,yknþ5%%D9WQrh.SM AAm\ru+xQ8Ayrl{\\SoG#lOu\0CR醒pW~A7MoIG $TTZ\ZƊ\n10˱\\08}GԐMLї Ƭ6=3Q̹dڲ+OYeg-|QnTVm$gO%<XU=%6+vD̓+>d*\'cH!pO0ݵ{\'}lE!J:7\r:k9]40~fa]h\rw8?/4?u׍{_^S2mM29U[.-<7I7ԀOmghxTZ[n~W@ǒ9<GK&p\0(n4nwc¦l/{Ϸ-6HByFEUt5\09B{sNtwFR5 #Gp;toeHSJC|͎ja*,!#r\"-U+\0h怂X+I$6in4utw\ZwRyfԇ_kSYdq;\"om]V;4tBd9z8~o}V7LfD}G\0:\r|5gʕ_cCV%Ol̼y\ntבYoDGMVB*J?!dgE5b7WSKWǗ:LU\"њh_erMIh)O.d/هƯ4Ѩ.{\Zjp9#.Tt	GC5{rOLB0djeKefGDjL\Zx\0a[䣟u#3Iwdi6{yjo&7X,G~Vvi$Z\ZJ{\0}=F=Htu))\0$M\'\0b+VnHg6084J92\Zݳ31:$++-Y2͟P,oLGhz^8śMʽUE2RH#u`yp]#vo&[\rZ4kFӧ7ç)a]Vʕ$Oߦr懓_>?-㺯MѿSGA\"T[孠ۦJI ?09,tbr8-7iQX∹H\0g>RHMuɌ@8IN=u\Zȍ E]\ry9q;-y=%)&	+<[i*iHrF\0\0-Y+#iс?\n| x?gj*CBDP#\Z~u<uF9S\n\0V&Q5`\'o$n$9OQuJܱӘbH#o;fu+ݝPc͒8ĮzMdC-4)¿\\\Z6TG<~e;h[Pu03V+VinۼG[J>e-/>B뫶&s+mqne`49xbyBs+4|k`ϳ^4qXI:vė\ZXjcb8ΥQW`2	*ڷFA`ԲS=etI%S;˥Elr)u:%-|P*Tn9TQi<3l\\M/;J:}2uQg!Ox_Io65\n[g=V$QRlOÎX4h_oPw-XnX\"?\'.spMMώM:.Ri\0\ri\Z%LV(q NyLIPO瞺t8V\0Kr@X2=tJTz&f^Snj<1ęjiT*X%:=)i\nc=03\0qpĬ@\'	\Znqoxn|?F٦[/2RIѺu};hQJ8;F\'\0}>|wX͵m-3I``)`[괱f^c.;n5ur==<J(?A\"3̌E9\'ۦ8\'+M2\0Uǘ❊:- M6W	KB:MlvIO\0󌏾4GI\\J7Bض8dɖ\"?̑;ђ&?},]U$T-\"g؞]\\;[{;\'\r<v]\r}PaX!؍3Uq-esQܠYi&UŮR ɘUr9cUcGAU_9$Ycl I))P*O	4sSӎTOQ~I)I;\"\\>^SEgKMST~f}Zi%ޝ<.	E(֬zVm;kȑK4D}的a\\2лs`9$H#k;U\ZQ8Am$sܽ%E/x^q@d?p,^$O`N}FSqmcxoJ\rC\\B>od+K^4\0 pc|8Tҕ &2;`rqcΝœq`0<cI[U%R`qe峓5}?rk\0V78s8e\0yLяL!#>}z2h2[r\0K5(KB9>>M=\nP~G.Rz,\nU8C{:;ƀqo]Z)VʜiʡGbzLWeH<o8O:L`@=۲i^GHM_\Z\"@wlഺ]`T$r)X>IE9BVS8sx(ov{-Q-R6c=.:,6;ԹXdي,{n<\ZQ.R礸\';v}xz~g	?7\nR#[jAV~yi!orC}5h>4+quCy2#S\0񖮠9orqzhI_?S½-ͰRfʈjM!7$W,k!	z{/4GM={5IA:z,`s/nv?\\9e}ˍX{Ŗ+ؖC3@?\\3yg?B&[m	M涸\"& vbeׂ2b1vEni!8JJ@mۿ5@cA;̤-+@`9e8J^\0*Uպ_8`bpxm>Vjе;x_Rf`Y8?ÆUE$B1Y>\0|W~\r\\/k;{1 F]\"=6g	R6ǣYۇqʖLF(֙%o^d|g^c˓%?=[c~̖k=7$,t;g\0tD~L*)#~읊63kjyijc	<OiYܵ\0AMs;\Zε5U.#*?\0=@zcO\"b<3AfjDI@W:\0:FcUQ?\Z\no%ͩ)EGL\"`pJ\\ilv$k%j2<T}/iɊQ\rQ8ӋkȔ:)tSy)(>fΧTSԬG8ђ֎7*z)䧛3κrJ.I1A[xB~.61Dr$Za\'և\r-@f%B?15n\0l mݸw^V2[jIȒ<?=ExӬ6j#sO:MSkExuƭ5%֢k\\	S$NH7|<3R[Gye*HZI-ud4R9U=rs<{=j;ýe\nPuJX֙AϿ?V?-ƉS}t=ۜMbR\"TCi.&o@I!~hˆ-%\0%_%y^\ZSˆ͵CM\"rW0~<A.S|8m_n\"-⍊e;ux\\3RStRX%~)x|.WSHAWܟAޭŉ6ޕ*j(]OR۪<YeXX ƴ8|.\\WQd26Ê\"ۆn$ P1ξaŗm%\ru5&ֹР	\"@}Xny1rB~rQJXq5I(L1y/07^.F\0nz7x1C.Aa=c]pG(6e=)kG_~ɖX$/Hl۶<Jnٸ7٨iX=UyH?1gM`C1iΑaɚ5!`%¢؝:먇jlbq>ŢTrK>Ir0=4׽*TqSsM3F\nQ+cDӨϱ-ɒjnKݙ䤴CYG#ĨWܬsͭljJ\ZHϝ^\0զQ.+.TO4\':ߦ45R-xDro3\0cՐG(\\ǘ\rBu&s[u6ꩡO浪fD\'I*vV9%=䑹@gr@~hE% n3R\\)\0=tǿ­lZX;r=ᶪ-85\rU*ǡձdp\'6	fSHcE3\\={kw+h\'f\\*9quhiO\"\0͝W&o^y<0:OmEM$NB>J@;_Yx)fq6$OawmIjgI%>\0^oebZXkhwMUfP̱*ѰS\\h+;o~.<~N؂[tSVSTsb?1#OM^<~^u䦞,*_7)薖yh[V6!^Qg6,hd2FW%@f~ҹ*]$y%3=@{t#(ܱE(ۊYH6\ripota7;M;/{zIKkƬ3/M9QAy^OgKu3QٮV[AWL\0ⴂBj#YjE5vO0/a{2\"}ȯ8ߜO==Hdr(\\inOERC~dO6>	-\"ٔ9VIc*A?|88Ka=)\'Sq;vC5V;Sξ?SiS>2mu`~ټ(Q\nܳ\0@\0V}4\'<ލ->J0j{Բ}d|͈Q\Za/+Xhvq$qBY릸Y\'^w-y$G`&8Je͇0Gb?CǕg\ZK!$b\"rX\ZF1T7-of@*,>ܧRT,{\",{<[$,夥t1C\\w>X25<[vmpCΐ3/Vff\'G]5\Z>\n8ioUF\rSM<0=M\rH5\\ݭ\rD5$Q3ApbN?huضxGwZ+};9XRO_9 hkye,\0o>HeD̏3B3{׃WǛwՈƢ8gni(0	F*s&s5cVZ?e=#;Qh\nmӡh;rEuA\ZH;0\0X2݉\Z^\\hJWA(G[kl͵KU4TG0ytUw3t]W]qa4TqI7^OI|d76om\rH1]o2=b$nfUR -諓3}Leqrsa?8sn+-UǈtJ2\'\ZOA0P	 >\0Jʨ[!|)MW9*ӱ;cKG7?Kqǂ>%oz:%Ut0ƪh5\"2s	4nG7$ދbr밊ៅ:0EeX\"^a[u/вa(ewAn̺XS(355_a9b>߂%(6Hf\"Gzyp$e \0L\'IxwV\\{˨D\'bp3\'YTXY!UV^EAv\0}}DN迴89\\*Du++dF돕Sx\0@.vu3\"[k1JVa`?N$ꈋ]F&DjziH;@:)MmVj˕=(l;Z1hf>MvN6Q-N!=R)UVO\0ɒ::R+\0sCR.-;Wl财)$4M`;3dY%GmA)UC&y:{5\n#㡼ZeJSYP;I3~ܞ+õn:BQE0S(^c8`}:tOTߐ۰l-Rr7\\-9p\'\0DZ*+gt`𻒌1;bqۦ=\0Vi9O%Q6+KBk5EC^w06CBXL>\no%Y\0ʦPQ\'{gۓ_`v˼H$rȤF9\0\ZjMƍǩQcfAA	Nwmim\rZG<Ssub	tLM{`^VUvzuB?{bԓ ?_1z{\0+\rgzre@e<i/7\\uҼIxcX\0fTO4U~tbp9u^IS\r#1)N$<K` <0[RYWv$y>PH&)ԴԖ?68iO+FHOljeEdB-LѼt%?GLy)uY\0dCGpUNyxy1=>啓}CN=^z8)c\0&Q\0c\Zh\"t{`hRlft]T\0|aB̔gq\Z6Λ\0Zf$@,{%)w]%QKu+pA8(ba|g_흿I?fEK\ZN֤Rq)))zZX*),pMya,D50,ГR&M5wY7*U-9<WZ+7jWIG$eG*NHi,V([-Z*D<R,JFH`qЃ:Z!$dMwܻE^;C1fUJ','2018-11-09 17:04:43'),(5,'10.jpg','444',29996,'tom','\0JFIF\0\0H\0H\0\0\0C\0			\n\n\n\n\n\n	\n\n\n\0C\n\n\n\n\n\n\n\n\n\n\n\n\n\n\n\n\n\n\n\n\n\n\n\n\n\n\n\n\n\n\n\n\n\n\n\n\n\n\n\n\n\n\n\n\n\n\n\n\n\n\n\0|\0\0\0\0\0\0\0\0\0\0\0\0\0\0\0\0	\0E\0\0\0\0!1AQ\"aq2	#BRbr\n$34C&c\0\0\0\0\0\0\0\0\0\0\0\0\0\0;\0\0\0\0!1A\"2QaqB#3R$4CS\0\0\0?\0@m#{Ay	[\nmI^MT4\\A) \03TD}2\\;	cp\rɹQ/g$y?XKI)Ը$!&ZFîSW8fG9u\Z!$ﭬw\"ևk~ҒنrkTOJ_ÓVJ\nkeSz,ISnET[^3͜eSUnR\nLu0*m(<}MJ6gYt82#/(-g6D̙Wr.uHI){iRkyN2og:\\3/-e.R\r(X6Ȥ%KHq\nT*cPys\r\"Ua%\r*\\qunR(Ji%sUf;[80-\"Y\0-7\ZeΝHQS(2Srߩ\'\'?\0YTy\'ZާRa#de]쫁Unۮj=1nr?iY&h\\,N@pB@NBM;i\04loDBI:jI9\Z>d$n\0bnc`&=R#^v!MX.-7\rd=%.e/?*va mcx#gnmHo1&wrQ\\ebI_ι9GU1v\\M0+[~i{&UM^Km	EpSCrj9Ihk֩s˲mk{ާ5Qddo&J/0ԣʹ!\\RRk?F,1]7x<3/;mL.s8P`JR+\rxeBTλ.}\n]C:xXIL%7VK1H))ApA.[ZUF	7yR鳎琘PHLVtܥHA7\Z,[o;NLҎDʼu)DBp_F`M\061Ld]*gCoĕv.&)Ubdҙ袍rhO>ZƔɓWM%2(.P5W$a\"zo|-nbyI@##I̒T)RutP=1(*2/~k\r%JS\n[j.jUb;kQy䖑/(ݢpd6hw؏RBA)[p\r`\'w\"V vA\0AIr_Mt\rѱǱ$,.}`B9~a.D2F)&,lǤXyQ_HrC 22))}:]\rgK\rB\"u3.ZQpv\032\rBĲ%^<=I@ 6cM͒\n.+qgƅ\nĚk<\'n!mnl2Ryj\0uhI$N<p<iVU>$LQӅ%u&n]n(f\'`&aͿD\'KdZjnids/]*\Z)aAM_uhA7Dwo}#\\TG2ż{M-!h鸦Y\\.yLZ-NSoO9Hb-u|I\"<^LJOҁu+:\n\0	ɗ?=tnMkLv\'Lq+[qW~s1Eڃ	-,+\0QYL\0\njŏ8:u~Z6jyIec)J)+	i\Z\\]R?;5}&MiSS\n!s\nVH٠ڇk@_C}OM?h_$ k*mʆq7ɽIFyx-}V(u\ZKb|c4_vVBx;4R!$B;לTYmܶ?T苔hLs_%7!Vk1y+mΏA(R].!6)P(:f`Z_Bm+t\',a<EZ?_m\00 z73ez-\ZJ*YoHk\"ͭ^WAH+JAd$4hA\n6MȮr4{/ä87W_N4LGS8cG8\'ZR\0Z.K\'k&CE6LBP5|\"p>QBEroAb[8c*Ne%%D\'6ۧItGeG7$)M&)\"Ă4H=bI<R>x\'P%{ȩzAR%ɹmkZVX)e%*;YR7$QUMVi2IR&/Sg2JQc>O%)h(K\n\ZXvmc)x)pZ[/1@SeT|SJAT[JmYS\\rsCx^\"a\\+v3)7S\\g&g+rRf̢W[蜣+2cW^w^k	OT8珱6?MNU<u9%QCyEB7wEErDapz߁|8y78#;%\rRiC\0wzJ$sReSWK39:g0ɹ鱌 ChZ3?sEtF=	ȳV_ilŵg^˴U>mH[.L$oSuhi<zVO| Ƹk_2>w\rsmv8S[hQ~7@d&}j}Nɥ\\l6Hh yFk8jMM}{HVuzX\'/?<dC3(.m}e\'3lP򩢒C \Z\"5M]JUk0U[C]/7SX@a\0e\nKۼK`m;\"+HhZhi	z\\˚<:`\\_3` I Ykt~c\0ێNcOd(KiĬsbǽOhx%<5԰wѐZZK\ro,Qe?x_J*8c:w(\"i\\mI9VROa-7X\0]t-!<Gj uX/ԥ\0(m\'mآKa8r|Rˬ-Hiא8E.ĩdeڔi\r\"7NT!׊̟IGV1$l[fRd$NaԷMBjFZp]MO&ʕk$EJaSx]*+ʰI^/IJv\'	,U e$\'CMK<b\rxm٪`~jJpRԅ%Ԕ)j}RR2)*R\0\'-LxRg#ٯ*i2|e~\ZQUfNi_WaC/M6M@EM/sr+I4)C_\'^OZVkivaYrtB?:~|~o?D^hNyc@Y/#eRA13ԹLo/<)mN(M \r\"8ְKcT^?^^ځzi[b-Y7ob5K\r[Q	O\0\0i@^\'nI\0XtӴ:aP\0k$ΛX߼U.:,5A߼CT^]6!US*z읩5Ym\'c\"҉v\n#b4jiox_RLiiu2y}!w1`]fXqK;wmmRuP\rBNԆ̅(۽r7>g&X\rH	 ӪuL*ddvp)X$jF4էJu\"X#f\n\'UK^#L\'2~3I3LL4t-R\\	WUGkk+jdtu]U_oa#\'kmvnZC%\r|/ȯr#i_ZdoVy\ns9t}\0c;o_\'cX%SC4l@Nl]&ѷE>oMX3G	hR^ؼ\'IE\0)Rc[@J\0X֭OlY-_)<\06aôBN!AX?|ǧ^6mLm:UX=/i/Jr\0lx<+pF\0q<F#Z@R[SJW5>X@\'5K_|\Z#FЏ5rrqKI:j$^q7%\'f#}l{:>\0`C!I.M\rH:ln{o<ĠH߼\0zVlvX,\'T:NrE155N}GFXaj\rfR#=	rp\'qJ\0@YD\\2HYv\r0bkn$,fq*_\Z\ZHCg+J7ʅw&2 6.o.\09p\\Ѧk+RU\ZBE5^<h!p綾P\nB@\"%#QKiRMd56NoXfq 0z-*A\nJFyB2utݦԫG?V3Bj}م]YYIHUSrQ>/ĺ<hZ$SMS$h_-Ms)-RQ*|R	NJ.&g^yS-M2[o-%\rueU6ff0H:\r27*슜c<Y%q)Wh*3N}-Ũ٧.wP	J)Cs֮oJHIL\'!/UOK<55)oқJ/OHL5dC3A)pgJM̐I629ZEi8c	lcMMJĴM\0h)dU:̂;ƢW1BTP5ߴvvCYE\\u*I̭4^)\0r@Am|CmkBv\\]F#(\\rA7$\rȌ+Y=dKaj^k6JU~*-\rީdӘ7xבe*s~¹!Xdt%iNxYOFNR.:!sQ?Y]Iz\"4\\X;[\\e\noXb_)5T-\'͆L&p:rk_},-)m\\^׼CY/ˊv{tا.#q:kc)bG+3SIY\Z􌱻#}8nRb9I9)QG\'\Z56FR`V\'rs2^g=;J)i~Æ8gPMKIW\'߼fJV%iS\r,c^R01		%$l9Dl}/z]_[Đ6ʝQ\nIQPqf{bk\'}):|BuM+*Tz\"+X#ZM~p\\oMM0(\nC;\\[#zUt$xMtچ:6vfx˜䳴\rmDKX,]X`EtH5ߩ%\r\\f\'R5opNFY\\0NUBV/Y;X+?^oe]a$mw#{\rfq\nnzVTS1o@b7KB.s\Z%\0ݒ[DD3Bg&NsKM*R^whM*Pؽ5GK\'YʬT[PVd4}*\0vimHFfȹZHcATlOIO4(rmWLKtҵ)d̤n7BI;qy/ru@s:mnh,KO%¦P7?bS`FS*S캹J2x46kT	dԠm?]X螇w,HƃW~iN&6\\1se\ryt0v*uIiTv\\o4-J\r ;@#\"6a4t+Y(c=~!lb|FG{j(,flPwԈ[}ǌ)Ys_\n5\ZTI>j:H\'b*h	b\\j<ү0?~b|:\'S\nJ:FiֹYR6\0yIR&TNuN~`d$IЁowJ/,86Mx1wA<mz\Z)LNtmcku硲qMaZx| ɹפLx,RY\'N$d&9S*[n)@rcz+1rLxmxӼDTx!*VPMIU|ÍL&Od-f/>sFaAd+nf?y%V33\\t)_<#Pb}j$K卑}gA[qCMR51`tS d[򋟆%%\"pM|5&\\\n\r{ָG_Oǖ\nmID!\0}YD<m\r]}ѫ[䘧L?;n0ٸ[wXP8*LZT<P,F5<HF(5:f_HرD:%a( Ů,ZlS{Œf$i#M.dLW]M5-u4.Yl[5[? ț\\|J\\lSP7G-K/zRk̖I\njrq(q#y7S,$Uj2zBҔ\0\Z|OXmjo:\Zzۃ<26(8k\rI.`6?6+̵:67FCEїc>VCXqM%.Y(EF֧[	Ρ1KnA>x9U#65E{jl~-`Hh_Kܵ\0S\ZWg4<() (A3K:oX^Y=\'<#,dPduq]\r/*6\'!=8R32ۅ  IYVVOj4it<79w#x\Z\0,*{;x\\iXN}+yQn]\ZmGlk\\JFjZFD[l~G^t46>6+\\£*iٙK@-!+$]e)ߥě356la.Wp[)T̬9?7b۩\0	ب8M*0{x[;.L2jgbtӋuh\\⮤@\n6$#~6O\"Xx)t|-#,iX\nYצڻZ-$[lAHII{kݓL9G7aɅ2\r\r\0me\Z\Z%.Y8Zn!&WL >Fm-Ms2s0,W_z͕|EI97Z*)CP8x[#N3Y[]6G6M#%h\ry>W|x}\Z5::+\"mII|Ev}WQ4IK+h/#bDMKSA(AZ-R}*q\0et\0YY@82;F{4ɿKlgo997kGiNN`k=NYYsS2ږ\0UzF{t+(|\\a(3\0xd/D1%jVU\\&|(~H܋EK+9y:irM>ۏ y_y^e_sb\0״hZ(ɜ[oy-xxJ#f2gb]JpPCh>%.N|K<i(m~z_9%Ú$Vup\0r..!5keV)\0+|M*F\0/q[%V]	q4YA|/j)A@?X,(]uSfg._Z[d*%~jMh#Iud>-my\'<S[s_MP\Z(ۏ.R(q<9d3	̅jmI$	HomN״t(NeזL_5eD0nOS<l@*P-&7G<lbٙ\'\0IS蕖By9\'T*Q٤[U]PǒxvMgzdƼڃS:Rr:TEevi]9]$z+fF[Y+**^D U\'NJV?\0JB%HOK\rx=&T^y\\f+RG<u74VGj[i0ˋO26o 	M(G#)5%h*M*8\n34ʳtʵMw}/SRKDrhm/w:Ɨ,)uL.\\o]Tlb:B]y\'SrZMi·ߖ`r[ysu\\=җH\\!ԌsJhs-	H2JEj\'\rJ\r`zFY 2JKAEʲgI OSF+5!+Ա>Ret%<RJkj&B|[Y/Uu_fy_y7\'\n\\zlל.Hͯ*6.9	KAA9t;+M:_nM#|4}\Z\08|&*p\r4%בƥh~؋U0_JI.5[)GFS\'\")eI/dcrKͺ\\RqjQUxlF)(Hh`c6O2/u7oMou`QO,a bȖo<@&͌|tQd	-*	mZOKoǤ7W\0z]?p	R&(8N38m2<֤a\":>*ve)7\r+~˒35:\n2Ff*Q(H\Z<.G\'RYqyA6(gdEq!OOȥBu\0c]*mEMY9R6fLxKS>ddXwjo{jnG*%qם\r,ۤeτ\'%A-$I屉\\9E\"Ru\"ǁ}Ld}Z!t>i3NxNZi\0yt$uɪC8zcz]PƗ[\'ȧM!Sqlp(?t\0(z;>}I\r>W)|yF[^f_=b_BUKiv#Gnf;ɹp<R\0XW%n$^\\N=?aJD,RdYj)m%Diwa\0MZ-CSfB?Lr2cqJ[\'DaZAjs	$؂*]OlTO4UfҺGڏFpd6Z|jĠ/BFk676EusjX3Ivq*Sc-d6}IGmZ\\${yJx`q6Qi%$Ac k\'Ei\ZpN	h	Ԥ$dbͫeW2U؍`yR-akSMH*\0&t/Ū:xURHLS&BB-bڪ;Z\'99zf+\'j:#VUA_)rs\"铜rx/52qeWZZd쏝vu6Ēv1~z9u+҄{<^\rxI_8MP[Z%[6ט\'D ܀<_NsuEpx=KBl3q$I#M-	RrnuGԭE5p+O\\W9/1<\nVlZ{v_mw鬖v\0~/8IKPk%B}楆gx4;=qJqE!žNtcc\\#jjtɤNO2kc%0mEtUԔ+aFk^3NO3N,$\ZrPi}n`mb}ˤezxbyxWu4\n,9-+MZԋ/bmߴhSS/Zu[b]UΔMMmyFUP	*umK-5\"w>%\\kwZNIs([oE/6\rǘcY.;XȮqlR8Q\\uOȭf-$xHbjTٶAzMNFd7õ\r\'<R=\Zh=>)yN\"_<\n		)hN\0tooAJD}sUL>(ˀka4u^eboiв*?Yns%e_\0tL^J\\Zy&dFd,꼣1\\AhsEƖMct$ŃC\0~Јi,b/yps2\0yiO\"c@4+_X[;%Hr\0;)W-}ty/1rи-M3R6uUR~Kt-U磓JV{Lr^|	s\nP&ECT<u&zUZu-N\\u %stZb4ywuꛍ3bXo)Q6MDǌMmgټ~OuE\0G_|BMZR+5PqnIamXx}l^dfyOۍsu\'TҫTZHLܖmJʙy\0VZ:$V5G/s\'Tqb\"t۶:G6UU;d9Zvkގ^<<	s)6Ox+-\\X\0AGCYx;G,KѸiWY3\'/,>A\'I$=v%@Uu19]oƏO%Jm42jGʥfԨ|diKYC/ꚡWp$>yNSj9Oq8j*i\\p#T̫6e.Ѝ]\Z+jS\'b9n^^i#i\0lt5r q씗G@.K,\'m~`K\'ǟvov<X\0RPRI9VR#CX꩖g1}3\npO<Q 5.leEZw9&4puR}ul((t^g:2K?BZNVfAy\rzZ+Yvb\\i$]sfc$mA7PHDc,d5͝\Zv\r2#h7ԑ2a4Y}\n	R6 %1ɸHokK)Lʯ+sw R7(QrF>j_zuz,sR[u߭=~Y]5tFwY=47/-ܥ,-)\0/6FȬ{;PIG\Z.,T4P[)\r[d	>[}elTzGVZ}<7X>f\"~}-xvGrT۔CP[M6Jz\\\Z84M}i㣇Y7,c2\"wH)N<H.@l*ePkGu9Aa\0V3֧q/xZj5F0NʩyڒCU %+O1V%\'\r=7%XQx5W-8kd\'>VFIKJr:		\\poܢz	ZoGq𸊕Oao-2R1\\# Z<Oy\08K>3fWxGYX^gϏ\Zrļqgt$p9M+[q!Bjq\rM9uJ[m!9iS#sPJĿmDq5)URyŗ?\nܕ)sP˦1__q_%/Ğdn,Ռm\'Ū|H~\Za7h8^p\'*)	t}	OK8բ=o3^,xO|!W[\re![E:?U6&O\Z˃;4Ma^ZlGO&)=lUYeI\"ކ*DZG\0.-RV	nFַ[qLi!9YgfLȝA@Q \0\0,߇voQŰ^OFJC*RJ#ClqP4J2-/ĐkEvT\Z~D\nA;؍H\"W>\0.L0TMD8\09le\ri*Nd/\02]$x\0FDUo6΂,<J!%v&+tu*AGKLĄoEI_ed>-O$>p,8ut!)N`؀\r$<\Z=_tE7|hR-\n`i*&P6[\"\0o\0k>kL<\0ƞ9h\"\'wm屦SO2^2h9%`Q-Mk*lxdĒbQBpRHWQd\'my,*bp\'ʽT:RIJJa3].:l}pr-O\0Wd̵e~\neAG2^eXͽ̻[t{OJΰ#/nCE9疷;RtbS%\'̐[\\1	89tiUE\ncIB$H\0(R/n+ۨ];{+XUG\Z*JL.$Mr!VMSsß\nxl=&Ӎ(Bkd٨>[+4@42TXZ-3瓛d/AM(<q#\\9汜!]̉yBr4[fBAA*N<}EtF^Ǧ3&Sx[#)PB\\n˖p|צE\nN|d\0,[q}Ⱥ/m8r_)RKঊE-!lK)yC@nTK%6\r\06!L#.0<\0D)$E#9xu\n)KJ]\0MX9.\nI$dV\nV$}\na#$9xS_\\;֕p~bڏPK_O駦_7k[;(\r8O?3.THD\nqjJR|tu;\\k7=4pܷ~\ZtOKTy=kIЦJ(vJI.I7*\nUl#k;	qNJq{krx6]fefU<4EsxFlG<KD\Z[aV]miGIPE/UQ+M	(-J&~4ѵ9zMml/u)phdцΖJM\\l3ENDľ,~t_WBNӘ%8Q\"\re`:OƵkWm\"mK0\0t\Z\'fri>Y9z\re1!7%2쫘)J:9*puֶtS/5˷Ę%%j2vml%[!Y(:6q(t#S^:Qex_zTCIq 5c\Z,^~Բf^B\\Y<hM\0ߤK5-\nm*{Sec\0x&\"Z\0@\0HQ ]	~WooA\\/{ ]N^XH 6|(Fimb#9a5כ*GbîM%;>,\055Ru[\",6+sJ1#+u=HI(:5*8h}</0]nJRC1܈9-1(Jn8\ni3@Z5nSOUWRRĶu.m$TfAkxv`3,?s<\ZTn#xl]2Q	4k̣ntҢ9rN28\Zm+h#*Fmt甜,ig\'{lE.KGY\r4e9bIU6vZdrڒuQ8;z|AhW\rJ],L\\Дh!UjcBMx92Ǳu[)yEӱO)Ɛs\'B\"$ν3C ^_U&V3d1Q\rZ	/s((u=D\\LP0ФթT\'qEV~}K*ius:]*Y\\K;SRPJZEMh\n*0K81e\Z.L+RrU4L6B^u9x*-ɑSmk$	Zտ;fSgXFu׀i<Kt\0M҅`+F\r	1J׭	m*7Zua\\tH,\"\0);)RP99t	X\'0H0Wg#ԲMH!V6ddXd-vBsrh\n\":\ZmD(>\Z4]r\".E,vwوvSd\Z&\\͚|ZKI+lm`Xva`nYd:IzmIq̜`n/bOx<ygn\\%ƕ+>βnPxg멲Ը8/Y1nn.ԝ`&a\0r6UbO,]nA/؏ZĔF	-M6TWq\"]F\ZtZZ%:&Cu}*MKm\ro-7n(Z:o~MMnb2.r\0m/\nV\'Hpba\rV1]o->{ismyNU^\nP*6+4<!7P	H$zK-V1<:#N$%{uF\rKh[$p\\\nUm̺h _\rp\Zi.!Bޤ$}bHCq,LK*|v>(ܦiJE&Dڲ~ɡFakZk[qS\Z2kRA\nHW2[5m<TjHЙ4I,|鷱N9Nu ):o]Gå\\E\\iE>d:Sje:ޚX9Yh(5cVXhXA	+niXz#*cB>R$HϧB\0m2q5%N6/+[|\ZWh\"_QA;\"g5;3Z]JtVO/k>5G>H8)=N.NH$lM#B,_GE4OI;y7ݯ9w_#J\0ђnfز]A1\raaL[84#EFAWBJN\0Hj}#!OՃqUksMUhF;uKFyQ\'Ky*\\仅/Gfۚ]HR%h;axeE6)iv%nZYi	BGhF*13XX`+|Do+Ke\\J,XmJQVs\\\'i\r!O {ゕ䤄N\Z(\nA*\'h\0Ů \Z/JM7t	 \0\rQ\\;ld$&G=l<V>\0\0D*6!,\0uuO!\0_8OJlmxH$mYVt=hշ(75Ê|ˉi􏛤y$v%7pGqST	ىcəJ)IM:3:읿a64 R|@Kn`4TX|sΑ\'}m=Z\r{oq߸\'S\ZGu\\aX<J*RSʾF:ϱߍ!\\^SY]~|36TU\nUKbNII*.HacRfUORͼr^h߆賳6>i2R7ԓ41QZҩSr#B$:%)\0n>]5MDJNuԨ٩T?N\'3*w\rJXe娔rfC<6ٹARʅ(.xNRč-⼕5:e)K;ׅ[qsSh4e4y_*IHOM/	;\r5콏Z\\;Nxrp=UFQ.<%W#~ѣiq[N&UcBtQ.EHHn]	P\0_yPCq(8\0@b7_\'R˓%7DdVa$.e-J*\ZRNn4AD&ZshmǰW SmA\0]zJ\rHj<\n}b;@-	\'[6}M=	OO#w,..;\'PTǕN5XQ\Z۰W#:U^,0΋XbA$&aZr$~0<Ǆ2xIuјADܫ57h}k࿈#CZ[\0\n_\'+\\yX6K&/77MyRІ0-!e{@^_s8>y/c^<GSU>hfY|eKAw-(\\汶iZ<*cKXm>;LOI1W?2T9NРr7tV\\uԯMp+o\r\'\0k)u,P|C*PRQī?7P侥.,#S넯rov->xD</`yګlapƽQZ&RV\\(8JJO-9P;Eїy\r8QzfVHHMJ6L\rDϓߪQlϰyie^Ak}0T\"}FԢz7Mt<c#EGx-kOW\0>}5CG@\'1&ztcd^\00sR&\'3d]2{?}b\ZGo0 3n\"*,{BFk;\\X_/%K[/a\0\ro2n%/<SA6\ZBVDE=!`Ec\Zն..{X%Ǧ)8Rc.;c\"U׭S(L<J! I*|uñ\nn\"G*$MQS\'>~;XCѸQ:LP\n~Uflť8߉^^V8.Xo\r*퉇4Өz	_*uN9.O]EKMIZR{umy8C=z:XꔊK4yD˱.(Bl;C?-[ǖ*bh5uw1Uʟ-Gs{bdJ\'hʬS}w0f@w1;,1mY_<S,V~kUioW9ex-EO>F\0/q)	zY9dhS[\'&ă\"YrjTz\0\"!\0,#hV@}6\0wibK=Lݰu eIU	Sj8	\"{-\0oHnt\0%@Ɂe)(Ki)]&-$j}\"E{JǹPpmrsrcɵdjzR(ZǬY}i3-sqm1KEy\0),I.K;Mő/%3`إT{#ɚ\r@_$XJYhm\r4Y	9~ZQ$)`Z\r0(8J6TpPr5UJ-z5UzhFdݻ/,;2U4y&lG]ł1\0d!Gx7\"*^Bɦn@\nA	>\0QPЎ\'%Dl@6nj\Z8JV@UfS%V\ZO?\nov!\0#M/eP\Z%P76Se! iO,\0cc*#mTܛ	Buu[Nu>ai3J<\nMtRīܢ;64y.n/ׅ,_(	)=_`9x%l.OBam2*ZaˊZF\0EShG:\rMIꥵ1gf*.)m&wW#V%FRQ3	rmj\rb!85Yd5(	\Z{xTL!IJv [;Kb @	h\rw{i\nla*`.e\0b\0,4۴\0nutX؛8.>I.]!!:\03?6c-(+c\0\nO ɘbVr%!M4W,b=k\Z_v_ҵVqÀ\\<ݭe(fҊ^[2\ZL8{!	KsI\ZDp$$xGcqN<x\n!dc]b\\uYkuvpqD}39:%dEpnR](ƱEpsecrKu96B>E\0ΘEőlH>]b2wǣZnDfNǴ,%%J x6S\00o\0Vtل\0	_6BW`\\m19}țIt>O0֋8hYt]fW =pRv@e~`\0w:f/XeɷǾ}l@0$nLy[,u,DRjR#\n%2塠*#gz^bL{φDzߨnVMFzhTuC%*u\0EUQRPˤ<KLe\\VT58n@2\0Gwٴy\"[0a4?+$Jz\0H\0\0F߼\0)I6N=`*/\0v#[@4p	`v:@6PYh	&YPtO;	0ͤ\\/\\ˑ\'c\0(B@Z05 bIJ\r7?Ŕ-֤fLXgqkMmX9:YR\\8MGO[oS#b΀;~IrL!.;U4uBMAAH11*BTU)eP\\EAq:iKqM:&ck*˰\n;uIK\r\0#FH#5]a\0 $_K\0\nJlwc\0*\r9rl\0!wޢ\0\0|X7Ya*lM7DᚺT6}Pw:?:mIE\"@:nzE h+S!@SU?=\r8{MU1_.;bևoh\0=\ri\'*0Gg\nͲĕ	)	O0\0>HRfWk\rYH2)VU%C|r}\0<[:z˱bs<{,M4Άx\'8=ے8Vuҕ)E<_U z\0c^ݿIuQ1:8Z&7!$之\0%I9@\016DǲPOhvA7= ׾U+x\Z= tMe:	.ZW\"}X$PMS#\\gP5*\Z=u\ZOQG/UyeCu\n\\ҊOkvv\Z5G婞\ZZ&׎{Gd]@Ǯ$&@}7;->YAhD<^D}r2 \'hЄ	CĮ]F0>R(0W\0tNhWN3W\ZE/T%E\ZHKIR	K)N&zɮb_<7\'\\hKVZ$a#\Z֩Hl/%`-GCtdV(_cxo9Qxg&m{lj`kVX\02\05-\0RqXVM4b,]@1gE7$m\ZTc.2yeIH}-AKi$)HN,Ʌ\'\nRr1ۮhi+OtWCT̳[.xs$Sq$)V_]?x뒉KK}SMnLTpldtaQP	IlMHKJB6Įɉ@.5D\0+MlWoܺFm\0r啌gsONYyP-(#V֋srMCnhoݜ)J<`k{;03E&/Z!`]MEB^tuP`LZP\"%Yفe\Z>9O(+*-9Lp\0:V+*6$dz\0 }`8\0(HM4~s׌jǙؑt]\'0Vծ1}$r#b#Yg-S\\1N],Î:Z\\-SQ+UXb{Cq(GK-2S+ȡss5\ZG^vǢ<:rmz6΅PX}ucfrmI9vɱZi\0ġ__H$h{-nd_cw\0 ǉJ1#M#3\0hOxB32ĵ$n4\r!gb6y&ł5H\"\0ܑv9$U۷H%mS).[mwqLpRe2Nb,b6`hڢ52!	X>t5a5ͿL&AN<Lu	PIG״[|]r:fX%*]T4$4QTҴԺ7A<,SRlVlnL7YZTSg!&Sj8\r_7-+PVOfS\ZrĆҼ[y\\Vӡ\0GJ(1hy\"NbFծL\0\" 8oԒ~_H12W:i])\Z+arE:J]{Y2,\0}3fc䲉yOBH@:koCSA6#Hx˒e5eH*vQ\'yE}v1we!9v -1̪ZGxLd7ȱA-3,=!B\r9Wb蒒Pt],ŀ&o2H-sE,++\'0]FEɴ2r+Py`u=\r--\0{\rjLbUHt[53@:*eG~X)d7@΂J;+~ɮ]JiGX7U_%ns\0V|tP6-o^JtZg˙I\Z(u7^`VHu%;m4C\'<h^XPii%F@~PQj:U,tdCyCaVB\rS4\ZZ17Y.5}\"se\0Ve*w.otjpR##!Nagܶa\\\\EdlH_x(7ǍI,;aٓ7^VU6r5rTe#^äN,;z)GML1ZlT~bae(\0kĤ+G6(\0`@͸U@CCzI[HxO/\0I*P#Cmv%^yH.\nڽ	90¶bTycU𭴉^·&/\"Iq3@M\n\ZG\\Y$\\Z.)ԃ{ѯ.8Eveei\0SRm8kXT]EX]\\3Tf7;M\"lXIU\Z{QRmJ>r\"_ˎ[	@QK/iq{9J*4<	(œRҥi)&eh˥-ұњhSO;ɚ.ZJ34ۚVSa@ZT4U	SKRY΢w6NVʲPb/J浈XᑳtFUE#%!\"0	J%\"\\BJRraf/hsAۣ6%^JYT䔩͑\"\r:%_ ^6Ғ	7cIެ8⬑0W|[	xH+8F}x1\\$V62\n[)\Zaɾbbp$_=NqQ&d~iOM>Q9*0rJk\'@u\rn$R\0`\'5ibJ#	ʴ[@^d_B1l46ACr2~BAmٻ)Q)9\\I;ӖGm\"CufBI1[a40̪X/mo\"(KeM ^\"/K%bq%D)״sSfӠd..o/\"/I\0v\'G#?qUsXH4]$Ԟ,SoCIR|,SHA\0t\\JV򃷘~ΛJ\0Qd^c%i	[]u,F!^=#9!T`Sc0뢩g=zYMfHc1OY&4r]`ݢREKw%MuMyu\Z\Z)Gw,hfdl4$BJE\'c,A},UU)!ea*-DoΥl0:mN4BaY\n/`\05pa\0͠IREhБ\"/^%g_:&\'\0aZco-!$(MBLXNUe\0i iHA%Fx\0B>\09Mh>kk6Ope*ߤ!jX;1MAԴ&ͩ:BRzim){EPE:U\'\"ɕ,\Zul\\@X\rbLN<j]Y#k	KvK-A@$B\ZX[[Ca2Ȥ@tH 6zC9=H܍%B\Z oNИm؎M!AH0K(\'4D7//drFe\0B¶-e{r\Z+\"I5\n0((ܧM40\0|57)N0u l\0+4ib4\Zmhndx-BǮiIfb}ѝ2^qb\"poԡ4/(hN\r`d9-k{2y _{CDvN7,K`4=idHЭ(ok,E\nI6.&\0.tҒ\r\r+pBo\0]O|CH\\Fe\r]`7J\0{ur!&ͥ6eɉJtc86[ʻMA-Rt\'\rS,6m4J3{_hR԰7PR;FQ9\Z\0P\\(u+<ӝDXoeގT\"ɖrIH(\n#c*ڃ+}Z[~$\Z,G@BK҈:\'xs*7ԋCD\0\".r	\nˤ0ik(RA6J#\0m)RZ,Jm`m\0\0\nȎߴ.FWFSs\'BoZ\0K\rمKiNXCm*$6Mhдo`([Q&@Ȝ,PqFABAPV[cÃm\n4JH*#SZل.3yI#%8\\(hht:KIN\r\\JsUrodJ+}J KXXh!р\0	(H04аX#(C	;[$HJH*1\"M!>SӼJO J\0)\0DI=@fxD@Š s6\0U#(-ba¾#MөQkDrAaɋRVH$߱#wPmͅ!I*QcݯA#®.:˱X&ЏJjk	&Yvt6\"ްhU[\rTKJ2]#c%K]uNkW=I:|:8iG\0FHvl-;fs\\h1Z[6:mі]ctR9J5=b@RʈbN\r)HP^.6I= RX\0R.R:-	FHx\0\0~\ZڈA\rVs[p{@IQ\0s\07PxGR\0\" -jiNQA7Pa\0Dˤm%g-Ե͒5NQr|#;ycZ*rFJbaՇ԰L\rMnVR\06-5}TgX.I/s`,_Tڙo(LY*ϕ	R(JuV!A*`eYywRW|OQxܹ,SrLCR,sBeipsꣲE5jK*RNP\"Q!ԖIq$EI=-UbH0H[(PRT	!6\Zo1HkӨ\'~Z8 b\r|&^\"Gb+WR[̽I()vw,:ʸ4iw}A9R%&Q\'aEN9c,OH_8YԤhj+}%ذmԍ22ϕj@)INݡ@o)˔iJkӤXjY)C^)\r%i[k\0h\06\0`tr[w7)Q	#Ϙ	.}\r&&Y*JT҈#($~\\NKG]U:67|\r??MyA	X2<7U\0:j!e:#)5 4mW%JAR@:^rI7Xm4]7J\"JnezؘWƘ(?b%YB	MM7צ;r\ngT5P̅4wA@J݇Qk[e%;gLtJ\0a&ڧˊX桲VeQYBUe`O:uRp%KYJ9EX\r%ZLY~$~u;Č#7KIK0SraB\nbl#v=/eur\0n|\ng9Xrf^VZ2Ga֠y-6j[ќn!KN_[jo$[7vbzf^eRN\';6돦aphi)թl<PVq7BJN\'Z\0F,!X+-	nU\'Lʓ,6&nnPT\0%a%*\0J?!-~%8bbyt<f]y+KS/6Y!33r\').	\0|^ɪ\n؝{4r&ENyRrn4BL%*^K7ylXR	>V\ro `!`^<\ZB[̠;bI)1`g;7>R^&|+>j,=!\\KIznNuԩi6V\\ZT \0I*H|?=iW\0	+\0vDf/3l2]9RK-ZR[$z~I;]^qtҝv8gR)jo:Ho&e%A@[X>Zٱt+pNRJNT3)vԹ2-/jaJ$R5}\0jJT2s+Jv6ۉO2e#;kI\'Pdةy?m2n`313r}dym8lTTOXzq׀*56^v͜O2ؙi[a+-7)1) )zzz\"&YxT}R⚉Vv[TW<U!fϻiRu$>X}\nԙ!Oᆡ.fIi>y.L rT\'2ضY9sЬ=IUUjnwT҇Cgj\\2a4fV\'~GꇊCe t6=\nԙ%7DӘγ*e^3.JK˼!%f҄4fDGRe\0p׉8qU\\qY%a\\iSn4n*BRH >Z\'Qh)LʈjvMN 2\0#jd9b@,wSBm0kXy.Hu$uj2hJ\Zw\'K;vZ_\0ѽk? uW]=[GC\\䕨ksWOn-8׾iYdu\0B<,k*RfVpɿ\0V__1ÄROV4I*4})EN,<F:(Q9.?D/pO_Gpmۇaa.Z<VLo[~\0\n8Cini\rt~?Gώ$qbۧ#;2JZe*\nd_/\"Fƣ1𰛚au*-tUL8M%|:t=2VZ9`\0gq\\M\"bH1/.lNM2s.Zn8{_UMT*VPq)3O8ҦVTR\0, A;xcp(´k2NS\\i@+Blfy[) \r`\0ᄮƸq-MJ%;,r+uԩ\nu7	+`l!0.\rē4vfK\r(Sr\\J\\\0зy7ε0H>p6Ēq\nN\\.\'	BH)SilmZdyD\0\\6M^z\'BV]j9y\\TZO(QdH)$7AnB\'k&BY/\nLYYy\\*䔐R\ndq<`ڛt)Lд0T%	欁]\'<Cxڹ-S鮡-nmr\r+*(hoa؀\rS$OťYI\\~q]n/\'3,AZO-_K\0ɝe*Yt!XV\'Sd0M4ڂ5:Q]@x\r|.7Q\"eZ$<.]j43.6\0o=|RSqge*c	9	Mvs:&\\Z[\neAu	 6,@T0b)\'W^bMs䃮SS,ȅ%nRH\0ԷDNP1~ELќhDj~QASy$RBJk.p\r9EMTfjsu*Nu(K.^tTlRmrl\Z@@@@@@@@@@@-.!cөuWiR4ZJ[/*fy.($E\'q+U<*4)vF^x$>JfVA@>[@4	ao\\]XcWp3KR#qbEt%HiR(\"O+\"yiX1x3ist\Z\\ByWAK%闀+PCjHJ۾{\\QAEx^)Gr#Ε[aiUsߘ:2(@+Sx/aJ%>LciVSF~p,O3Ek*\Z\0?<\\qpwZ\r#p\0\r/= \Z8yɷZ	d/\"No;5J5SFµiL/@bjOW2.VY%XM$?JF\0\"\\hMN~U3bJUjJ9͜̀:#%%dŒ8l/,k5,ċjg|?/`\0*\Zj\nͯ74l1\'\'{L.^TT?̥-ZBT4`_d/:\'dF]51IDT3!J-LJ\0C]vJfC悱ۋ2It֦]B$%IKe(\0XĳKa驜 3Z=(M6rjnJ6P|ܮ&fe)*m(FF\0QnQ\0_kalUBÔI;!;?YzM_,gW-6hZf]t!n-I[\0Xp\'>#8Wh}t&VHVnI[\0w:\0[B-\07@\0άN6(^EgHq@(XPu\04jHu(B!d\0(i@w R&[3WKYn5\0u%&U)l(\05Mz@I%.2)eqe64\"ڤlUN-+\\Ie$8ka@M&Vg\nvRs(jJth\0ڨԙdutREC\0J) t\nA\Zi`H#c\0M[M8Q\\\Z$Zo] \0SS\rL^..]Mu9&ڋ\\7r|,`2bq%Jz\'(32TA-:B6iTS?1Ī@H6\'Aٜ8aXFc$򤂑| :X[h\0[Z3v*<6dZ7_X\0m,(	BP2\"\r\09','2018-11-09 17:05:26');

/*!40101 SET SQL_MODE=@OLD_SQL_MODE */;
/*!40014 SET FOREIGN_KEY_CHECKS=@OLD_FOREIGN_KEY_CHECKS */;
/*!40014 SET UNIQUE_CHECKS=@OLD_UNIQUE_CHECKS */;
/*!40111 SET SQL_NOTES=@OLD_SQL_NOTES */;
